Pathway identifier,Pathway name,#Entities found,#Entities total,Entities ratio,Entities pValue,Entities FDR,#Reactions found,#Reactions total,Reactions ratio,Species identifier,Species name,Submitted entities found,Mapped entities,Found reaction identifiers
R-HSA-381119,Unfolded Protein Response (UPR),4,156,0.010241597,3.15E-04,0.050752843,50,99,0.00691969,9606,Homo sapiens,Xbp1,,R-HSA-1791131;R-HSA-1791130;R-HSA-1791128;R-HSA-8953356;R-HSA-1791134;R-HSA-1791133;R-HSA-1791123;R-HSA-1791122;R-HSA-1791121;R-HSA-1791124;R-HSA-1791114;R-HSA-1791112;R-HSA-381203;R-HSA-1791116;R-HSA-1791108;R-HSA-1791167;R-HSA-1791164;R-HSA-1791155;R-HSA-1791154;R-HSA-1791158;R-HSA-1791157;R-HSA-1791156;R-HSA-1791144;R-HSA-1791139;R-HSA-1791138;R-HSA-1791137;R-HSA-1791143;R-HSA-1791066;R-HSA-1791064;R-HSA-1791071;R-HSA-425923;R-HSA-1791069;R-HSA-1791058;R-HSA-1791186;R-HSA-1791057;R-HSA-1791184;R-HSA-1791060;R-HSA-1791177;R-HSA-1791054;R-HSA-1791169;R-HSA-1791172;R-HSA-1791096;R-HSA-1791102;R-HSA-1791088;R-HSA-1791092;R-HSA-8953336;R-HSA-1791083;R-HSA-1791084;R-HSA-1791075;R-HSA-1791076
R-HSA-381183,ATF6 (ATF6-alpha) activates chaperone genes,2,15,9.85E-04,4.72E-04,0.050752843,1,5,3.49E-04,9606,Homo sapiens,Xbp1,,R-HSA-1791121
R-HSA-381033,ATF6 (ATF6-alpha) activates chaperones,2,17,0.001116071,6.04E-04,0.050752843,1,10,6.99E-04,9606,Homo sapiens,Xbp1,,R-HSA-1791121
R-HSA-8986944,Transcriptional Regulation by MECP2,3,100,0.006565126,0.001217124,0.054153359,5,77,0.005381981,9606,Homo sapiens,Gria2;Calm1,,R-HSA-8986937;R-HSA-8986939;R-HSA-9022365;R-HSA-9006992;R-HSA-9022359
R-HSA-381070,IRE1alpha activates chaperones,3,101,0.006630777,0.001252223,0.054153359,49,53,0.00370448,9606,Homo sapiens,Xbp1,,R-HSA-1791131;R-HSA-1791130;R-HSA-1791128;R-HSA-8953356;R-HSA-1791134;R-HSA-1791133;R-HSA-1791123;R-HSA-1791122;R-HSA-1791124;R-HSA-1791114;R-HSA-1791112;R-HSA-381203;R-HSA-1791116;R-HSA-1791108;R-HSA-1791167;R-HSA-1791164;R-HSA-1791155;R-HSA-1791154;R-HSA-1791158;R-HSA-1791157;R-HSA-1791156;R-HSA-1791144;R-HSA-1791139;R-HSA-1791138;R-HSA-1791137;R-HSA-1791143;R-HSA-1791066;R-HSA-1791064;R-HSA-1791071;R-HSA-425923;R-HSA-1791069;R-HSA-1791058;R-HSA-1791186;R-HSA-1791057;R-HSA-1791184;R-HSA-1791060;R-HSA-1791177;R-HSA-1791054;R-HSA-1791169;R-HSA-1791172;R-HSA-1791096;R-HSA-1791102;R-HSA-1791088;R-HSA-1791092;R-HSA-8953336;R-HSA-1791083;R-HSA-1791084;R-HSA-1791075;R-HSA-1791076
R-HSA-438066,"Unblocking of NMDA receptors, glutamate binding and activation",2,27,0.001772584,0.00150426,0.054153359,2,5,3.49E-04,9606,Homo sapiens,Gria2;Calm1,,R-HSA-438037;R-HSA-432162
R-HSA-5627123,RHO GTPases activate PAKs,2,27,0.001772584,0.00150426,0.054153359,4,15,0.001048438,9606,Homo sapiens,Flna;Calm1,,R-HSA-445797;R-HSA-5668978;R-HSA-5669250;R-HSA-5669240
R-HSA-9620244,Long-term potentiation,2,31,0.002035189,0.001972629,0.058777609,6,7,4.89E-04,9606,Homo sapiens,Gria2;Calm1,,R-HSA-445367;R-HSA-442725;R-HSA-9618785;R-HSA-9618811;R-HSA-9618750;R-HSA-9617583
R-HSA-9022699,MECP2 regulates neuronal receptors and channels,2,32,0.00210084,0.0020992,0.058777609,2,26,0.001817292,9606,Homo sapiens,Gria2,,R-HSA-9022365;R-HSA-9022359
R-HSA-114608,Platelet degranulation ,3,141,0.009256828,0.003218894,0.080472353,2,11,7.69E-04,9606,Homo sapiens,Lamp2;Flna;Calm1,,R-HSA-482772;R-HSA-481010
R-HSA-76005,Response to elevated platelet cytosolic Ca2+,3,148,0.009716387,0.003685722,0.084771611,2,14,9.79E-04,9606,Homo sapiens,Lamp2;Flna;Calm1,,R-HSA-482772;R-HSA-481010
R-HSA-209563,Axonal growth stimulation,1,5,3.28E-04,0.010450932,0.155077297,2,2,1.40E-04,9606,Homo sapiens,Arhgdia,,R-HSA-193668;R-HSA-193646
R-HSA-9013408,RHOG GTPase cycle,2,78,0.005120798,0.011745759,0.155077297,2,6,4.19E-04,9606,Homo sapiens,Arhgdia;Ykt6,,R-HSA-9014456;R-HSA-9014467
R-HSA-9022535,Loss of phosphorylation of MECP2 at T308,1,7,4.60E-04,0.01460161,0.155077297,1,1,6.99E-05,9606,Homo sapiens,Calm1,,R-HSA-9005561
R-HSA-399710,Activation of AMPA receptors,1,7,4.60E-04,0.01460161,0.155077297,2,5,3.49E-04,9606,Homo sapiens,Gria2,,R-HSA-399711;R-HSA-420975
R-HSA-111957,Cam-PDE 1 activation,1,8,5.25E-04,0.016670619,0.155077297,1,2,1.40E-04,9606,Homo sapiens,Calm1,,R-HSA-111956
R-HSA-438064,Post NMDA receptor activation events,2,96,0.006302521,0.017381034,0.155077297,24,39,0.002725938,9606,Homo sapiens,Gria2;Calm1,,R-HSA-9618834;R-HSA-9619376;R-HSA-442725;R-HSA-9619478;R-HSA-9619125;R-HSA-111913;R-HSA-9619355;R-HSA-9618811;R-HSA-111912;R-HSA-442732;R-HSA-111915;R-HSA-9618750;R-HSA-9617535;R-HSA-442760;R-HSA-445367;R-HSA-9618785;R-HSA-9619783;R-HSA-9619367;R-HSA-442749;R-HSA-9619214;R-HSA-442715;R-HSA-9617583;R-HSA-9618863;R-HSA-444792
R-HSA-442729,CREB1 phosphorylation through the activation of CaMKII/CaMKK/CaMKIV cascasde,1,11,7.22E-04,0.022852428,0.155077297,8,10,6.99E-04,9606,Homo sapiens,Calm1,,R-HSA-9618834;R-HSA-9619125;R-HSA-111913;R-HSA-111912;R-HSA-111915;R-HSA-442749;R-HSA-9618863;R-HSA-444792
R-HSA-193634,Axonal growth inhibition (RHOA activation),1,11,7.22E-04,0.022852428,0.155077297,2,6,4.19E-04,9606,Homo sapiens,Arhgdia,,R-HSA-9012761;R-HSA-193696
R-HSA-76002,"Platelet activation, signaling and aggregation",3,293,0.019235819,0.023301405,0.155077297,3,117,0.008177815,9606,Homo sapiens,Lamp2;Flna;Calm1,,R-HSA-482772;R-HSA-481010;R-HSA-430096
R-HSA-442755,Activation of NMDA receptors and postsynaptic events,2,113,0.007418592,0.023556807,0.155077297,30,71,0.004962606,9606,Homo sapiens,Gria2;Calm1,,R-HSA-9618834;R-HSA-9619478;R-HSA-9619355;R-HSA-442760;R-HSA-438037;R-HSA-9619783;R-HSA-9619467;R-HSA-9619214;R-HSA-442715;R-HSA-9619376;R-HSA-442725;R-HSA-432162;R-HSA-9619125;R-HSA-111913;R-HSA-9618811;R-HSA-111912;R-HSA-442732;R-HSA-111915;R-HSA-9619449;R-HSA-9618750;R-HSA-9617535;R-HSA-445367;R-HSA-9618785;R-HSA-9619430;R-HSA-9619367;R-HSA-442749;R-HSA-9617326;R-HSA-9617583;R-HSA-9618863;R-HSA-444792
R-HSA-9619229,Activation of RAC1 downstream of NMDARs,1,12,7.88E-04,0.024904652,0.155077297,5,6,4.19E-04,9606,Homo sapiens,Calm1,,R-HSA-9619376;R-HSA-9619783;R-HSA-9619367;R-HSA-9619355;R-HSA-9619214
R-HSA-2025928,Calcineurin activates NFAT,1,12,7.88E-04,0.024904652,0.155077297,2,3,2.10E-04,9606,Homo sapiens,Calm1,,R-HSA-2025882;R-HSA-2025890
R-HSA-193697,p75NTR regulates axonogenesis,1,12,7.88E-04,0.024904652,0.155077297,4,8,5.59E-04,9606,Homo sapiens,Arhgdia,,R-HSA-9012761;R-HSA-193696;R-HSA-193668;R-HSA-193646
R-HSA-430116,GP1b-IX-V activation signalling,1,12,7.88E-04,0.024904652,0.155077297,1,7,4.89E-04,9606,Homo sapiens,Flna,,R-HSA-430096
R-HSA-451308,Activation of Ca-permeable Kainate Receptor,1,13,8.53E-04,0.0269527,0.155077297,2,2,1.40E-04,9606,Homo sapiens,Calm1,,R-HSA-451283;R-HSA-451311
R-HSA-111932,CaMK IV-mediated phosphorylation of CREB,1,13,8.53E-04,0.0269527,0.155077297,10,13,9.09E-04,9606,Homo sapiens,Calm1,,R-HSA-9618834;R-HSA-442725;R-HSA-9619125;R-HSA-111913;R-HSA-111912;R-HSA-111915;R-HSA-442749;R-HSA-9617583;R-HSA-9618863;R-HSA-444792
R-HSA-428359,Insulin-like Growth Factor-2 mRNA Binding Proteins (IGF2BPs/IMPs/VICKZs) bind RNA,1,13,8.53E-04,0.0269527,0.155077297,1,3,2.10E-04,9606,Homo sapiens,H19,,R-HSA-428296
R-HSA-451306,Ionotropic activity of kainate receptors,1,14,9.19E-04,0.028996581,0.155077297,2,4,2.80E-04,9606,Homo sapiens,Calm1,,R-HSA-451283;R-HSA-451311
R-HSA-418359,Reduction of cytosolic Ca++ levels,1,15,9.85E-04,0.031036302,0.155077297,1,3,2.10E-04,9606,Homo sapiens,Calm1,,R-HSA-425661
R-HSA-425561,Sodium/Calcium exchangers,1,15,9.85E-04,0.031036302,0.155077297,1,4,2.80E-04,9606,Homo sapiens,Calm1,,R-HSA-425661
R-HSA-8983711,OAS antiviral response,1,15,9.85E-04,0.031036302,0.155077297,1,15,0.001048438,9606,Homo sapiens,Flna,,R-HSA-8985123
R-HSA-4655427,SUMOylation of DNA methylation proteins,1,16,0.00105042,0.033071873,0.155077297,1,3,2.10E-04,9606,Homo sapiens,Phc2,,R-HSA-4655440
R-HSA-9697154,Disorders of Nervous System Development,1,16,0.00105042,0.033071873,0.155077297,1,5,3.49E-04,9606,Homo sapiens,Calm1,,R-HSA-9005561
R-HSA-9675151,Disorders of Developmental Biology,1,16,0.00105042,0.033071873,0.155077297,1,5,3.49E-04,9606,Homo sapiens,Calm1,,R-HSA-9005561
R-HSA-9005891,Loss of function of MECP2 in Rett syndrome,1,16,0.00105042,0.033071873,0.155077297,1,5,3.49E-04,9606,Homo sapiens,Calm1,,R-HSA-9005561
R-HSA-9005895,Pervasive developmental disorders,1,16,0.00105042,0.033071873,0.155077297,1,5,3.49E-04,9606,Homo sapiens,Calm1,,R-HSA-9005561
R-HSA-442720,CREB1 phosphorylation through the activation of Adenylate Cyclase,1,17,0.001116071,0.0351033,0.155077297,2,6,4.19E-04,9606,Homo sapiens,Calm1,,R-HSA-442715;R-HSA-9617535
R-HSA-5607763,CLEC7A (Dectin-1) induces NFAT activation,1,18,0.001181723,0.037130593,0.155077297,4,6,4.19E-04,9606,Homo sapiens,Calm1,,R-HSA-2730872;R-HSA-74448;R-HSA-2730849;R-HSA-2730867
R-HSA-417957,P2Y receptors,1,18,0.001181723,0.037130593,0.155077297,1,13,9.09E-04,9606,Homo sapiens,Tapbp,,R-HSA-417825
R-HSA-446353,Cell-extracellular matrix interactions,1,19,0.001247374,0.039153759,0.155077297,1,10,6.99E-04,9606,Homo sapiens,Flna,,R-HSA-430347
R-HSA-8980692,RHOA GTPase cycle,2,154,0.010110294,0.041495007,0.155077297,2,6,4.19E-04,9606,Homo sapiens,Arhgdia;Ykt6,,R-HSA-9013004;R-HSA-9012835
R-HSA-8876725,Protein methylation,1,21,0.001378676,0.043187744,0.155077297,1,9,6.29E-04,9606,Homo sapiens,Calm1,,R-HSA-6786205
R-HSA-9013148,CDC42 GTPase cycle,2,159,0.01043855,0.043949243,0.155077297,2,6,4.19E-04,9606,Homo sapiens,Arhgdia;Ykt6,,R-HSA-9692809;R-HSA-9013158
R-HSA-5210891,Uptake and function of anthrax toxins,1,22,0.001444328,0.04519858,0.155077297,1,20,0.001397917,9606,Homo sapiens,Calm1,,R-HSA-5211224
R-HSA-416993,Trafficking of GluR2-containing AMPA receptors,1,23,0.001509979,0.047205321,0.155077297,3,3,2.10E-04,9606,Homo sapiens,Gria2,,R-HSA-421007;R-HSA-416639;R-HSA-416985
R-HSA-9613829,Chaperone Mediated Autophagy,1,23,0.001509979,0.047205321,0.155077297,14,19,0.001328021,9606,Homo sapiens,Lamp2,,R-HSA-9626256;R-HSA-9626039;R-HSA-9626235;R-HSA-9622840;R-HSA-9624158;R-HSA-9626242;R-HSA-9626276;R-HSA-9625188;R-HSA-9620197;R-HSA-9622831;R-HSA-9626060;R-HSA-9625196;R-HSA-9626253;R-HSA-9625197
R-HSA-163615,PKA activation,1,23,0.001509979,0.047205321,0.155077297,1,4,2.80E-04,9606,Homo sapiens,Calm1,,R-HSA-111930
R-HSA-418038,Nucleotide-like (purinergic) receptors,1,23,0.001509979,0.047205321,0.155077297,1,15,0.001048438,9606,Homo sapiens,Tapbp,,R-HSA-417825
R-HSA-70221,Glycogen breakdown (glycogenolysis),1,25,0.001641282,0.051206552,0.155077297,3,15,0.001048438,9606,Homo sapiens,Calm1,,R-HSA-71541;R-HSA-71588;R-HSA-453337
R-HSA-111931,PKA-mediated phosphorylation of CREB,1,26,0.001706933,0.053201059,0.155077297,1,7,4.89E-04,9606,Homo sapiens,Calm1,,R-HSA-111930
R-HSA-9617324,Negative regulation of NMDA receptor-mediated neuronal transmission,1,27,0.001772584,0.055191504,0.155077297,4,4,2.80E-04,9606,Homo sapiens,Calm1,,R-HSA-9619430;R-HSA-9619467;R-HSA-9619449;R-HSA-9617326
R-HSA-442982,Ras activation upon Ca2+ influx through NMDA receptor,1,27,0.001772584,0.055191504,0.155077297,2,2,1.40E-04,9606,Homo sapiens,Calm1,,R-HSA-442732;R-HSA-442760
R-HSA-2262752,Cellular responses to stress,5,1008,0.066176471,0.05736863,0.155077297,53,455,0.031802614,9606,Homo sapiens,Xbp1;Phc2,,R-HSA-1791131;R-HSA-1791130;R-HSA-1791128;R-HSA-8953356;R-HSA-1791134;R-HSA-1791133;R-HSA-1791123;R-HSA-1791122;R-HSA-1791121;R-HSA-1791124;R-HSA-3229089;R-HSA-3223200;R-HSA-1791114;R-HSA-1791112;R-HSA-381203;R-HSA-1791116;R-HSA-3229102;R-HSA-1791108;R-HSA-1791167;R-HSA-1791164;R-HSA-1791155;R-HSA-1791154;R-HSA-1791158;R-HSA-1791157;R-HSA-1791156;R-HSA-1791144;R-HSA-1791139;R-HSA-1791138;R-HSA-1791137;R-HSA-1791143;R-HSA-1791066;R-HSA-1791064;R-HSA-1791071;R-HSA-425923;R-HSA-1791069;R-HSA-1791058;R-HSA-1791186;R-HSA-1791057;R-HSA-1791184;R-HSA-1791060;R-HSA-1791177;R-HSA-1791054;R-HSA-1791169;R-HSA-1791172;R-HSA-1791096;R-HSA-1791102;R-HSA-1791088;R-HSA-1791092;R-HSA-8953336;R-HSA-1791083;R-HSA-1791084;R-HSA-1791075;R-HSA-1791076
R-HSA-194315,Signaling by Rho GTPases,4,708,0.046481092,0.059574648,0.155077297,18,203,0.014188859,9606,Homo sapiens,Flna;Arhgdia;Ykt6;Calm1,,R-HSA-5626549;R-HSA-445797;R-HSA-5668978;R-HSA-9013004;R-HSA-9012835;R-HSA-9014467;R-HSA-9018754;R-HSA-5669240;R-HSA-9013158;R-HSA-9014456;R-HSA-9013147;R-HSA-5669250;R-HSA-9691174;R-HSA-9714691;R-HSA-9692809;R-HSA-9014293;R-HSA-9013108;R-HSA-5626507
R-HSA-9013149,RAC1 GTPase cycle,2,191,0.012539391,0.06086457,0.155077297,2,6,4.19E-04,9606,Homo sapiens,Arhgdia;Ykt6,,R-HSA-9013147;R-HSA-9691174
R-HSA-8953897,Cellular responses to stimuli,5,1026,0.067358193,0.061028607,0.155077297,53,486,0.033969386,9606,Homo sapiens,Xbp1;Phc2,,R-HSA-1791131;R-HSA-1791130;R-HSA-1791128;R-HSA-8953356;R-HSA-1791134;R-HSA-1791133;R-HSA-1791123;R-HSA-1791122;R-HSA-1791121;R-HSA-1791124;R-HSA-3229089;R-HSA-3223200;R-HSA-1791114;R-HSA-1791112;R-HSA-381203;R-HSA-1791116;R-HSA-3229102;R-HSA-1791108;R-HSA-1791167;R-HSA-1791164;R-HSA-1791155;R-HSA-1791154;R-HSA-1791158;R-HSA-1791157;R-HSA-1791156;R-HSA-1791144;R-HSA-1791139;R-HSA-1791138;R-HSA-1791137;R-HSA-1791143;R-HSA-1791066;R-HSA-1791064;R-HSA-1791071;R-HSA-425923;R-HSA-1791069;R-HSA-1791058;R-HSA-1791186;R-HSA-1791057;R-HSA-1791184;R-HSA-1791060;R-HSA-1791177;R-HSA-1791054;R-HSA-1791169;R-HSA-1791172;R-HSA-1791096;R-HSA-1791102;R-HSA-1791088;R-HSA-1791092;R-HSA-8953336;R-HSA-1791083;R-HSA-1791084;R-HSA-1791075;R-HSA-1791076
R-HSA-174411,Polymerase switching on the C-strand of the telomere,1,31,0.002035189,0.063112823,0.155077297,5,6,4.19E-04,9606,Homo sapiens,Chtf8,,R-HSA-174439;R-HSA-9668902;R-HSA-174452;R-HSA-9668904;R-HSA-174447
R-HSA-5218921,VEGFR2 mediated cell proliferation,1,31,0.002035189,0.063112823,0.155077297,1,12,8.39E-04,9606,Homo sapiens,Calm1,,R-HSA-74448
R-HSA-9716542,"Signaling by Rho GTPases, Miro GTPases and RHOBTB3",4,724,0.047531513,0.063650588,0.155077297,18,212,0.014817921,9606,Homo sapiens,Flna;Arhgdia;Ykt6;Calm1,,R-HSA-5626549;R-HSA-445797;R-HSA-5668978;R-HSA-9013004;R-HSA-9012835;R-HSA-9014467;R-HSA-9018754;R-HSA-5669240;R-HSA-9013158;R-HSA-9014456;R-HSA-9013147;R-HSA-5669250;R-HSA-9691174;R-HSA-9714691;R-HSA-9692809;R-HSA-9014293;R-HSA-9013108;R-HSA-5626507
R-HSA-8934593,Regulation of RUNX1 Expression and Activity,1,32,0.00210084,0.065083077,0.155077297,1,19,0.001328021,9606,Homo sapiens,H19,,R-HSA-8936068
R-HSA-8866652,Synthesis of active ubiquitin: roles of E1 and E2 enzymes,1,33,0.002166492,0.067049318,0.155077297,2,16,0.001118334,9606,Homo sapiens,Usp5,,R-HSA-8853515;R-HSA-8853529
R-HSA-5576892,Phase 0 - rapid depolarisation,1,34,0.002232143,0.069011552,0.155077297,1,2,1.40E-04,9606,Homo sapiens,Calm1,,R-HSA-5576895
R-HSA-451326,Activation of kainate receptors upon glutamate binding,1,34,0.002232143,0.069011552,0.155077297,2,6,4.19E-04,9606,Homo sapiens,Calm1,,R-HSA-451283;R-HSA-451311
R-HSA-9619483,Activation of AMPK downstream of NMDARs,1,34,0.002232143,0.069011552,0.155077297,1,3,2.10E-04,9606,Homo sapiens,Calm1,,R-HSA-9619478
R-HSA-180024,DARPP-32 events,1,35,0.002297794,0.070969787,0.155077297,2,12,8.39E-04,9606,Homo sapiens,Calm1,,R-HSA-201783;R-HSA-201787
R-HSA-418360,Platelet calcium homeostasis,1,35,0.002297794,0.070969787,0.155077297,1,8,5.59E-04,9606,Homo sapiens,Calm1,,R-HSA-425661
R-HSA-5626467,RHO GTPases activate IQGAPs,1,36,0.002363445,0.072924033,0.155077297,2,5,3.49E-04,9606,Homo sapiens,Calm1,,R-HSA-5626549;R-HSA-5626507
R-HSA-399719,Trafficking of AMPA receptors,1,37,0.002429097,0.074874295,0.155077297,3,4,2.80E-04,9606,Homo sapiens,Gria2,,R-HSA-421007;R-HSA-416639;R-HSA-416985
R-HSA-203615,eNOS activation,1,37,0.002429097,0.074874295,0.155077297,9,20,0.001397917,9606,Homo sapiens,Calm1,,R-HSA-1497796;R-HSA-202129;R-HSA-202144;R-HSA-1497810;R-HSA-202137;R-HSA-202111;R-HSA-202127;R-HSA-202110;R-HSA-1497784
R-HSA-1474151,"Tetrahydrobiopterin (BH4) synthesis, recycling, salvage and regulation",1,37,0.002429097,0.074874295,0.155077297,2,16,0.001118334,9606,Homo sapiens,Calm1,,R-HSA-1497796;R-HSA-1497784
R-HSA-9013407,RHOH GTPase cycle,1,38,0.002494748,0.076820583,0.155077297,1,3,2.10E-04,9606,Homo sapiens,Arhgdia,,R-HSA-9018754
R-HSA-399721,"Glutamate binding, activation of AMPA receptors and synaptic plasticity",1,39,0.002560399,0.078762904,0.155077297,5,9,6.29E-04,9606,Homo sapiens,Gria2,,R-HSA-421007;R-HSA-416639;R-HSA-399711;R-HSA-420975;R-HSA-416985
R-HSA-442742,CREB1 phosphorylation through NMDA receptor-mediated activation of RAS signaling,1,39,0.002560399,0.078762904,0.155077297,2,7,4.89E-04,9606,Homo sapiens,Calm1,,R-HSA-442732;R-HSA-442760
R-HSA-9022692,Regulation of MECP2 expression and activity,1,39,0.002560399,0.078762904,0.155077297,3,14,9.79E-04,9606,Homo sapiens,Calm1,,R-HSA-8986937;R-HSA-8986939;R-HSA-9006992
R-HSA-8939243,RUNX1 interacts with co-factors whose precise effect on RUNX1 targets is not known,1,39,0.002560399,0.078762904,0.155077297,1,5,3.49E-04,9606,Homo sapiens,Phc2,,R-HSA-8937989
R-HSA-1855204,Synthesis of IP3 and IP4 in the cytosol,1,39,0.002560399,0.078762904,0.155077297,1,12,8.39E-04,9606,Homo sapiens,Calm1,,R-HSA-1855153
R-HSA-5696394,DNA Damage Recognition in GG-NER,1,40,0.00262605,0.080701266,0.155077297,1,5,3.49E-04,9606,Homo sapiens,Mcrs1,,R-HSA-5691006
R-HSA-202131,Metabolism of nitric oxide: NOS3 activation and regulation,1,41,0.002691702,0.082635677,0.155077297,9,26,0.001817292,9606,Homo sapiens,Calm1,,R-HSA-1497796;R-HSA-202129;R-HSA-202144;R-HSA-1497810;R-HSA-202137;R-HSA-202111;R-HSA-202127;R-HSA-202110;R-HSA-1497784
R-HSA-983170,"Antigen Presentation: Folding, assembly and peptide loading of class I MHC",1,41,0.002691702,0.082635677,0.155077297,3,16,0.001118334,9606,Homo sapiens,Tapbp,,R-HSA-8951499;R-HSA-983161;R-HSA-983142
R-HSA-5673000,RAF activation,1,41,0.002691702,0.082635677,0.155077297,1,12,8.39E-04,9606,Homo sapiens,Calm1,,R-HSA-5672969
R-HSA-8982491,Glycogen metabolism,1,41,0.002691702,0.082635677,0.155077297,3,37,0.002586147,9606,Homo sapiens,Calm1,,R-HSA-71541;R-HSA-71588;R-HSA-453337
R-HSA-9772755,Formation of WDR5-containing histone-modifying complexes,1,42,0.002757353,0.084566144,0.155077297,1,30,0.002096876,9606,Homo sapiens,Mcrs1,,R-HSA-9828175
R-HSA-112314,Neurotransmitter receptors and postsynaptic signal transmission,2,232,0.015231092,0.085212288,0.155077297,37,110,0.007688544,9606,Homo sapiens,Gria2;Calm1,,R-HSA-9618834;R-HSA-9619478;R-HSA-9619355;R-HSA-421007;R-HSA-442760;R-HSA-438037;R-HSA-9619783;R-HSA-451283;R-HSA-9619467;R-HSA-399711;R-HSA-9619214;R-HSA-442715;R-HSA-416985;R-HSA-9619376;R-HSA-442725;R-HSA-432162;R-HSA-9619125;R-HSA-111913;R-HSA-9618811;R-HSA-451311;R-HSA-111912;R-HSA-420975;R-HSA-442732;R-HSA-111915;R-HSA-9619449;R-HSA-9618750;R-HSA-9617535;R-HSA-445367;R-HSA-9618785;R-HSA-9619430;R-HSA-9619367;R-HSA-416639;R-HSA-442749;R-HSA-9617326;R-HSA-9617583;R-HSA-9618863;R-HSA-444792
R-HSA-111997,CaM pathway,1,43,0.002823004,0.086492675,0.155077297,14,24,0.001677501,9606,Homo sapiens,Calm1,,R-HSA-9618834;R-HSA-442725;R-HSA-9619125;R-HSA-111913;R-HSA-111912;R-HSA-111915;R-HSA-74448;R-HSA-111956;R-HSA-111930;R-HSA-442749;R-HSA-9617583;R-HSA-9618863;R-HSA-444792;R-HSA-111966
R-HSA-111933,Calmodulin induced events,1,43,0.002823004,0.086492675,0.155077297,13,23,0.001607605,9606,Homo sapiens,Calm1,,R-HSA-9618834;R-HSA-442725;R-HSA-9619125;R-HSA-111913;R-HSA-111912;R-HSA-111915;R-HSA-111956;R-HSA-111930;R-HSA-442749;R-HSA-9617583;R-HSA-9618863;R-HSA-444792;R-HSA-111966
R-HSA-3899300,SUMOylation of transcription cofactors,1,44,0.002888655,0.088415278,0.155077297,3,27,0.001887188,9606,Homo sapiens,Phc2,,R-HSA-3108203;R-HSA-3927824;R-HSA-3108209
R-HSA-5218920,VEGFR2 mediated vascular permeability,1,46,0.003019958,0.092248732,0.155077297,7,15,0.001048438,9606,Homo sapiens,Calm1,,R-HSA-202129;R-HSA-202144;R-HSA-202137;R-HSA-202111;R-HSA-202127;R-HSA-202110;R-HSA-1497784
R-HSA-9648002,RAS processing,1,46,0.003019958,0.092248732,0.155077297,5,21,0.001467813,9606,Homo sapiens,Calm1,,R-HSA-9653585;R-HSA-9654533;R-HSA-9654523;R-HSA-9654521;R-HSA-9654525
R-HSA-111996,Ca-dependent events,1,48,0.003151261,0.096066567,0.155077297,14,27,0.001887188,9606,Homo sapiens,Calm1,,R-HSA-9618834;R-HSA-442725;R-HSA-9619125;R-HSA-111913;R-HSA-111912;R-HSA-111915;R-HSA-74448;R-HSA-111956;R-HSA-111930;R-HSA-442749;R-HSA-9617583;R-HSA-9618863;R-HSA-444792;R-HSA-111966
R-HSA-6811438,Intra-Golgi traffic,1,49,0.003216912,0.097969647,0.155077297,4,10,6.99E-04,9606,Homo sapiens,Ykt6,,R-HSA-8847638;R-HSA-8847637;R-HSA-8847635;R-HSA-8847544
R-HSA-174417,Telomere C-strand (Lagging Strand) Synthesis,1,49,0.003216912,0.097969647,0.155077297,5,18,0.001258125,9606,Homo sapiens,Chtf8,,R-HSA-174439;R-HSA-9668902;R-HSA-174452;R-HSA-9668904;R-HSA-174447
R-HSA-9656223,Signaling by RAF1 mutants,1,49,0.003216912,0.097969647,0.155077297,1,7,4.89E-04,9606,Homo sapiens,Calm1,,R-HSA-9656212
R-HSA-4570464,SUMOylation of RNA binding proteins,1,51,0.003348214,0.101764169,0.155077297,1,4,2.80E-04,9606,Homo sapiens,Phc2,,R-HSA-4570499
R-HSA-350562,Regulation of ornithine decarboxylase (ODC),1,51,0.003348214,0.101764169,0.155077297,1,4,2.80E-04,9606,Homo sapiens,Azin1,,R-HSA-350600
R-HSA-75876,Synthesis of very long-chain fatty acyl-CoAs,1,51,0.003348214,0.101764169,0.155077297,1,12,8.39E-04,9606,Homo sapiens,Hacd3,,R-HSA-5676637
R-HSA-8878171,Transcriptional regulation by RUNX1,2,259,0.017003676,0.102612222,0.155077297,2,132,0.009226253,9606,Homo sapiens,H19;Phc2,,R-HSA-8936068;R-HSA-8937989
R-HSA-1489509,DAG and IP3 signaling,1,53,0.003479517,0.105543226,0.155077297,14,28,0.001957084,9606,Homo sapiens,Calm1,,R-HSA-9618834;R-HSA-442725;R-HSA-9619125;R-HSA-111913;R-HSA-111912;R-HSA-111915;R-HSA-74448;R-HSA-111956;R-HSA-111930;R-HSA-442749;R-HSA-9617583;R-HSA-9618863;R-HSA-444792;R-HSA-111966
R-HSA-72165,mRNA Splicing - Minor Pathway,1,54,0.003545168,0.107426973,0.155077297,5,5,3.49E-04,9606,Homo sapiens,Sf3b2,,R-HSA-75079;R-HSA-75081;R-HSA-75080;R-HSA-75083;R-HSA-75082
R-HSA-2514859,"Inactivation, recovery and regulation of the phototransduction cascade",1,54,0.003545168,0.107426973,0.155077297,3,19,0.001328021,9606,Homo sapiens,Calm1,,R-HSA-74448;R-HSA-6786205;R-HSA-3229181
R-HSA-6802955,Paradoxical activation of RAF signaling by kinase inactive BRAF,1,54,0.003545168,0.107426973,0.155077297,1,7,4.89E-04,9606,Homo sapiens,Calm1,,R-HSA-6802941
R-HSA-6802946,Signaling by moderate kinase activity BRAF mutants,1,54,0.003545168,0.107426973,0.155077297,1,7,4.89E-04,9606,Homo sapiens,Calm1,,R-HSA-6802916
R-HSA-9649948,Signaling downstream of RAS mutants,1,54,0.003545168,0.107426973,0.155077297,1,7,4.89E-04,9606,Homo sapiens,Calm1,,R-HSA-6802924
R-HSA-6802949,Signaling by RAS mutants,1,54,0.003545168,0.107426973,0.155077297,1,9,6.29E-04,9606,Homo sapiens,Calm1,,R-HSA-6802924
R-HSA-2514856,The phototransduction cascade,1,59,0.003873424,0.116788212,0.155077297,3,27,0.001887188,9606,Homo sapiens,Calm1,,R-HSA-74448;R-HSA-6786205;R-HSA-3229181
R-HSA-5339562,Uptake and actions of bacterial toxins,1,60,0.003939076,0.118649012,0.155077297,1,66,0.004613126,9606,Homo sapiens,Calm1,,R-HSA-5211224
R-HSA-445355,Smooth Muscle Contraction,1,61,0.004004727,0.120506014,0.155077297,3,16,0.001118334,9606,Homo sapiens,Calm1,,R-HSA-74448;R-HSA-445813;R-HSA-445797
R-HSA-4551638,SUMOylation of chromatin organization proteins,1,62,0.004070378,0.122359226,0.155077297,2,15,0.001048438,9606,Homo sapiens,Phc2,,R-HSA-4551655;R-HSA-4551727
R-HSA-5688426,Deubiquitination,2,289,0.018973214,0.12299167,0.155077297,2,77,0.005381981,9606,Homo sapiens,Mcrs1;Usp5,,R-HSA-5689544;R-HSA-5690152
R-HSA-5578775,Ion homeostasis,1,64,0.004201681,0.126054307,0.155077297,3,17,0.00118823,9606,Homo sapiens,Calm1,,R-HSA-427910;R-HSA-2855020;R-HSA-425661
R-HSA-112043,PLC beta mediated events,1,67,0.004398634,0.131568685,0.155077297,14,32,0.002236667,9606,Homo sapiens,Calm1,,R-HSA-9618834;R-HSA-442725;R-HSA-9619125;R-HSA-111913;R-HSA-111912;R-HSA-111915;R-HSA-74448;R-HSA-111956;R-HSA-111930;R-HSA-442749;R-HSA-9617583;R-HSA-9618863;R-HSA-444792;R-HSA-111966
R-HSA-180786,Extension of Telomeres,1,67,0.004398634,0.131568685,0.155077297,5,28,0.001957084,9606,Homo sapiens,Chtf8,,R-HSA-174439;R-HSA-9668902;R-HSA-174452;R-HSA-9668904;R-HSA-174447
R-HSA-8978934,Metabolism of cofactors,1,68,0.004464286,0.133399309,0.155077297,2,28,0.001957084,9606,Homo sapiens,Calm1,,R-HSA-1497796;R-HSA-1497784
R-HSA-8943724,Regulation of PTEN gene transcription,1,70,0.004595588,0.13704935,0.155077297,2,15,0.001048438,9606,Homo sapiens,Phc2,,R-HSA-8944104;R-HSA-8943817
R-HSA-936837,Ion transport by P-type ATPases,1,72,0.004726891,0.140684495,0.155077297,1,17,0.00118823,9606,Homo sapiens,Calm1,,R-HSA-427910
R-HSA-112040,G-protein mediated events,1,73,0.004792542,0.1424965,0.155077297,14,41,0.00286573,9606,Homo sapiens,Calm1,,R-HSA-9618834;R-HSA-442725;R-HSA-9619125;R-HSA-111913;R-HSA-111912;R-HSA-111915;R-HSA-74448;R-HSA-111956;R-HSA-111930;R-HSA-442749;R-HSA-9617583;R-HSA-9618863;R-HSA-444792;R-HSA-111966
R-HSA-6802952,Signaling by BRAF and RAF1 fusions,1,73,0.004792542,0.1424965,0.155077297,1,5,3.49E-04,9606,Homo sapiens,Calm1,,R-HSA-6802927
R-HSA-195258,RHO GTPase Effectors,2,325,0.02133666,0.148633285,0.155077297,6,113,0.007898232,9606,Homo sapiens,Flna;Calm1,,R-HSA-5626549;R-HSA-445797;R-HSA-5668978;R-HSA-5669250;R-HSA-5626507;R-HSA-5669240
R-HSA-204005,COPII-mediated vesicle transport,1,77,0.005055147,0.149707577,0.155077297,9,16,0.001118334,9606,Homo sapiens,Ykt6,,R-HSA-5694439;R-HSA-5694423;R-HSA-5694418;R-HSA-203973;R-HSA-5694446;R-HSA-204008;R-HSA-5694441;R-HSA-5694409;R-HSA-5694425
R-HSA-9013106,RHOC GTPase cycle,1,79,0.00518645,0.153291051,0.155077297,1,6,4.19E-04,9606,Homo sapiens,Arhgdia,,R-HSA-9013108
R-HSA-351202,Metabolism of polyamines,1,80,0.005252101,0.155077297,0.155077297,1,17,0.00118823,9606,Homo sapiens,Azin1,,R-HSA-350600
R-HSA-4086398,Ca2+ pathway,1,81,0.005317752,0.156859892,0.156859892,6,27,0.001887188,9606,Homo sapiens,Calm1,,R-HSA-2730872;R-HSA-4332358;R-HSA-4332359;R-HSA-4332363;R-HSA-4551465;R-HSA-4551451
R-HSA-1445148,Translocation of SLC2A4 (GLUT4) to the plasma membrane,1,81,0.005317752,0.156859892,0.156859892,2,15,0.001048438,9606,Homo sapiens,Calm1,,R-HSA-2316352;R-HSA-2316349
R-HSA-3108214,SUMOylation of DNA damage response and repair proteins,1,81,0.005317752,0.156859892,0.156859892,1,24,0.001677501,9606,Homo sapiens,Phc2,,R-HSA-4570463
R-HSA-1852241,Organelle biogenesis and maintenance,2,337,0.022124475,0.15741825,0.15741825,2,86,0.006011044,9606,Homo sapiens,Sept2;Calm1,,R-HSA-111912;R-HSA-5626681
R-HSA-75105,Fatty acyl-CoA biosynthesis,1,82,0.005383403,0.158638844,0.158638844,1,25,0.001747396,9606,Homo sapiens,Hacd3,,R-HSA-5676637
R-HSA-8852135,Protein ubiquitination,1,83,0.005449055,0.16041416,0.16041416,2,32,0.002236667,9606,Homo sapiens,Usp5,,R-HSA-8853515;R-HSA-8853529
R-HSA-112315,Transmission across Chemical Synapses,2,344,0.022584034,0.162590166,0.162590166,37,167,0.011672608,9606,Homo sapiens,Gria2;Calm1,,R-HSA-9618834;R-HSA-9619478;R-HSA-9619355;R-HSA-421007;R-HSA-442760;R-HSA-438037;R-HSA-9619783;R-HSA-451283;R-HSA-9619467;R-HSA-399711;R-HSA-9619214;R-HSA-442715;R-HSA-416985;R-HSA-9619376;R-HSA-442725;R-HSA-432162;R-HSA-9619125;R-HSA-111913;R-HSA-9618811;R-HSA-451311;R-HSA-111912;R-HSA-420975;R-HSA-442732;R-HSA-111915;R-HSA-9619449;R-HSA-9618750;R-HSA-9617535;R-HSA-445367;R-HSA-9618785;R-HSA-9619430;R-HSA-9619367;R-HSA-416639;R-HSA-442749;R-HSA-9617326;R-HSA-9617583;R-HSA-9618863;R-HSA-444792
R-HSA-2151201,Transcriptional activation of mitochondrial biogenesis,1,88,0.005777311,0.169236443,0.169236443,1,32,0.002236667,9606,Homo sapiens,Calm1,,R-HSA-111912
R-HSA-1483249,Inositol phosphate metabolism,1,90,0.005908613,0.172740152,0.172740152,1,71,0.004962606,9606,Homo sapiens,Calm1,,R-HSA-1855153
R-HSA-1168372,Downstream signaling events of B Cell Receptor (BCR),1,91,0.005974265,0.174486634,0.174486634,2,15,0.001048438,9606,Homo sapiens,Calm1,,R-HSA-2025882;R-HSA-2025890
R-HSA-9013404,RAC2 GTPase cycle,1,92,0.006039916,0.176229544,0.176229544,1,10,6.99E-04,9606,Homo sapiens,Arhgdia,,R-HSA-9014293
R-HSA-5696399,Global Genome Nucleotide Excision Repair (GG-NER),1,92,0.006039916,0.176229544,0.176229544,1,20,0.001397917,9606,Homo sapiens,Mcrs1,,R-HSA-5691006
R-HSA-6802957,Oncogenic MAPK signaling,1,93,0.006105567,0.17796889,0.17796889,5,46,0.003215209,9606,Homo sapiens,Calm1,,R-HSA-6802916;R-HSA-9656212;R-HSA-6802927;R-HSA-6802941;R-HSA-6802924
R-HSA-1169410,Antiviral mechanism by IFN-stimulated genes,1,94,0.006171218,0.179704677,0.179704677,1,31,0.002166772,9606,Homo sapiens,Flna,,R-HSA-8985123
R-HSA-9006925,Intracellular signaling by second messengers,2,369,0.024225315,0.181312202,0.181312202,16,116,0.008107919,9606,Homo sapiens,Phc2;Calm1,,R-HSA-9618834;R-HSA-8944104;R-HSA-8943817;R-HSA-442725;R-HSA-9619125;R-HSA-111913;R-HSA-111912;R-HSA-111915;R-HSA-74448;R-HSA-111956;R-HSA-111930;R-HSA-442749;R-HSA-9617583;R-HSA-9618863;R-HSA-444792;R-HSA-111966
R-HSA-381038,XBP1(S) activates chaperone genes,1,95,0.00623687,0.181436913,0.181436913,47,47,0.003285105,9606,Homo sapiens,Xbp1,,R-HSA-1791131;R-HSA-1791130;R-HSA-1791066;R-HSA-1791064;R-HSA-1791128;R-HSA-8953356;R-HSA-1791071;R-HSA-1791134;R-HSA-1791069;R-HSA-1791133;R-HSA-1791123;R-HSA-1791058;R-HSA-1791122;R-HSA-1791186;R-HSA-1791057;R-HSA-1791184;R-HSA-1791124;R-HSA-1791060;R-HSA-1791114;R-HSA-1791177;R-HSA-1791112;R-HSA-1791054;R-HSA-1791116;R-HSA-1791169;R-HSA-1791108;R-HSA-1791172;R-HSA-1791096;R-HSA-1791167;R-HSA-1791102;R-HSA-1791164;R-HSA-1791155;R-HSA-1791154;R-HSA-1791088;R-HSA-1791158;R-HSA-1791157;R-HSA-1791092;R-HSA-1791156;R-HSA-8953336;R-HSA-1791083;R-HSA-1791144;R-HSA-1791084;R-HSA-1791075;R-HSA-1791139;R-HSA-1791138;R-HSA-1791137;R-HSA-1791143;R-HSA-1791076
R-HSA-5689603,UCH proteinases,1,98,0.006433824,0.186612386,0.186612386,1,11,7.69E-04,9606,Homo sapiens,Mcrs1,,R-HSA-5689544
R-HSA-5620912,Anchoring of the basal body to the plasma membrane,1,99,0.006499475,0.188330488,0.188330488,1,9,6.29E-04,9606,Homo sapiens,2-Sep,,R-HSA-5626681
R-HSA-9013423,RAC3 GTPase cycle,1,100,0.006565126,0.190045075,0.190045075,1,6,4.19E-04,9606,Homo sapiens,Ykt6,,R-HSA-9714691
R-HSA-983695,Antigen activates B Cell Receptor (BCR) leading to generation of second messengers,1,103,0.00676208,0.195167809,0.195167809,1,26,0.001817292,9606,Homo sapiens,Calm1,,R-HSA-74448
R-HSA-1236974,ER-Phagosome pathway,1,106,0.006959034,0.200259149,0.200259149,3,10,6.99E-04,9606,Homo sapiens,Tapbp,,R-HSA-8951595;R-HSA-8863858;R-HSA-8863914
R-HSA-6807878,COPI-mediated anterograde transport,1,107,0.007024685,0.201949318,0.201949318,8,12,8.39E-04,9606,Homo sapiens,Ykt6,,R-HSA-6809015;R-HSA-6809014;R-HSA-6807877;R-HSA-6809011;R-HSA-6807875;R-HSA-6809010;R-HSA-6809006;R-HSA-6809003
R-HSA-157579,Telomere Maintenance,1,108,0.007090336,0.203636027,0.203636027,5,34,0.002376459,9606,Homo sapiens,Chtf8,,R-HSA-174439;R-HSA-9668902;R-HSA-174452;R-HSA-9668904;R-HSA-174447
R-HSA-193704,p75 NTR receptor-mediated signalling,1,110,0.007221639,0.20699909,0.20699909,4,50,0.003494793,9606,Homo sapiens,Arhgdia,,R-HSA-9012761;R-HSA-193696;R-HSA-193668;R-HSA-193646
R-HSA-3214847,HATs acetylate histones,1,110,0.007221639,0.20699909,0.20699909,1,15,0.001048438,9606,Homo sapiens,Mcrs1,,R-HSA-3321805
R-HSA-74160,Gene expression (Transcription),6,1917,0.125853466,0.208267901,0.208267901,8,1090,0.076186482,9606,Homo sapiens,H19;Mcrs1;Gria2;Phc2;Calm1,,R-HSA-8986937;R-HSA-8986939;R-HSA-9022365;R-HSA-9006992;R-HSA-9828175;R-HSA-8936068;R-HSA-8937989;R-HSA-9022359
R-HSA-9009391,Extra-nuclear estrogen signaling,1,111,0.00728729,0.208675457,0.208675457,1,39,0.002725938,9606,Homo sapiens,Calm1,,R-HSA-202127
R-HSA-111885,Opioid Signalling,1,113,0.007418592,0.2120179,0.2120179,16,59,0.004123855,9606,Homo sapiens,Calm1,,R-HSA-9618834;R-HSA-442725;R-HSA-9619125;R-HSA-111913;R-HSA-111912;R-HSA-111915;R-HSA-74448;R-HSA-201783;R-HSA-111956;R-HSA-201787;R-HSA-111930;R-HSA-442749;R-HSA-9617583;R-HSA-9618863;R-HSA-444792;R-HSA-111966
R-HSA-2559580,Oxidative Stress Induced Senescence,1,113,0.007418592,0.2120179,0.2120179,3,40,0.002795834,9606,Homo sapiens,Phc2,,R-HSA-3229089;R-HSA-3223200;R-HSA-3229102
R-HSA-418346,Platelet homeostasis,1,118,0.007746849,0.220314282,0.220314282,1,31,0.002166772,9606,Homo sapiens,Calm1,,R-HSA-425661
R-HSA-5696398,Nucleotide Excision Repair,1,119,0.0078125,0.221963374,0.221963374,1,37,0.002586147,9606,Homo sapiens,Mcrs1,,R-HSA-5691006
R-HSA-5607764,CLEC7A (Dectin-1) signaling,1,120,0.007878151,0.223609087,0.223609087,4,45,0.003145313,9606,Homo sapiens,Calm1,,R-HSA-2730872;R-HSA-74448;R-HSA-2730849;R-HSA-2730867
R-HSA-2672351,Stimuli-sensing channels,1,120,0.007878151,0.223609087,0.223609087,1,33,0.002306563,9606,Homo sapiens,Calm1,,R-HSA-2855020
R-HSA-446728,Cell junction organization,1,126,0.008272059,0.233412774,0.233412774,1,70,0.00489271,9606,Homo sapiens,Flna,,R-HSA-430347
R-HSA-212436,Generic Transcription Pathway,5,1586,0.104122899,0.236112346,0.236112346,7,884,0.061787936,9606,Homo sapiens,H19;Phc2;Gria2;Calm1,,R-HSA-8986937;R-HSA-8986939;R-HSA-9022365;R-HSA-9006992;R-HSA-8936068;R-HSA-8937989;R-HSA-9022359
R-HSA-1236975,Antigen processing-Cross presentation,1,128,0.008403361,0.236653938,0.236653938,3,23,0.001607605,9606,Homo sapiens,Tapbp,,R-HSA-8951595;R-HSA-8863858;R-HSA-8863914
R-HSA-1592230,Mitochondrial biogenesis,1,128,0.008403361,0.236653938,0.236653938,1,36,0.002516251,9606,Homo sapiens,Calm1,,R-HSA-111912
R-HSA-109582,Hemostasis,3,803,0.052717962,0.237002871,0.237002871,4,338,0.023624799,9606,Homo sapiens,Lamp2;Flna;Calm1,,R-HSA-482772;R-HSA-481010;R-HSA-430096;R-HSA-425661
R-HSA-2871809,FCERI mediated Ca+2 mobilization,1,129,0.008469013,0.238269538,0.238269538,4,11,7.69E-04,9606,Homo sapiens,Calm1,,R-HSA-2730872;R-HSA-74448;R-HSA-2730849;R-HSA-2730867
R-HSA-4420097,VEGFA-VEGFR2 Pathway,1,129,0.008469013,0.238269538,0.238269538,8,79,0.005521773,9606,Homo sapiens,Calm1,,R-HSA-74448;R-HSA-202129;R-HSA-202144;R-HSA-202137;R-HSA-202111;R-HSA-202127;R-HSA-202110;R-HSA-1497784
R-HSA-597592,Post-translational protein modification,5,1607,0.105501576,0.244541001,0.244541001,30,538,0.03760397,9606,Homo sapiens,Mcrs1;Phc2;Usp5;Ykt6;Calm1,,R-HSA-5694423;R-HSA-3108203;R-HSA-5694418;R-HSA-4570499;R-HSA-203973;R-HSA-6809006;R-HSA-8853515;R-HSA-6809003;R-HSA-5694425;R-HSA-6809015;R-HSA-6809014;R-HSA-6809011;R-HSA-6809010;R-HSA-4655440;R-HSA-4570463;R-HSA-5689544;R-HSA-3108209;R-HSA-8853529;R-HSA-5694409;R-HSA-4551655;R-HSA-6807877;R-HSA-6807875;R-HSA-4551727;R-HSA-3927824;R-HSA-204008;R-HSA-5694439;R-HSA-5694446;R-HSA-6786205;R-HSA-5690152;R-HSA-5694441
R-HSA-73886,Chromosome Maintenance,1,135,0.00886292,0.247893801,0.247893801,5,38,0.002656042,9606,Homo sapiens,Chtf8,,R-HSA-174439;R-HSA-9668902;R-HSA-174452;R-HSA-9668904;R-HSA-174447
R-HSA-9012999,RHO GTPase cycle,2,460,0.03019958,0.251657001,0.251657001,12,91,0.006360523,9606,Homo sapiens,Arhgdia;Ykt6,,R-HSA-9014456;R-HSA-9013147;R-HSA-9013004;R-HSA-9691174;R-HSA-9714691;R-HSA-9012835;R-HSA-9014467;R-HSA-9692809;R-HSA-9018754;R-HSA-9014293;R-HSA-9013108;R-HSA-9013158
R-HSA-194138,Signaling by VEGF,1,140,0.009191176,0.255823938,0.255823938,8,86,0.006011044,9606,Homo sapiens,Calm1,,R-HSA-74448;R-HSA-202129;R-HSA-202144;R-HSA-202137;R-HSA-202111;R-HSA-202127;R-HSA-202110;R-HSA-1497784
R-HSA-9664323,FCGR3A-mediated IL10 synthesis,1,141,0.009256828,0.257400217,0.257400217,2,20,0.001397917,9606,Homo sapiens,Calm1,,R-HSA-74448;R-HSA-111930
R-HSA-5576891,Cardiac conduction,1,147,0.009650735,0.266790183,0.266790183,4,33,0.002306563,9606,Homo sapiens,Calm1,,R-HSA-427910;R-HSA-2855020;R-HSA-5576895;R-HSA-425661
R-HSA-112316,Neuronal System,2,490,0.032169118,0.275206013,0.275206013,37,221,0.015446984,9606,Homo sapiens,Gria2;Calm1,,R-HSA-9618834;R-HSA-9619478;R-HSA-9619355;R-HSA-421007;R-HSA-442760;R-HSA-438037;R-HSA-9619783;R-HSA-451283;R-HSA-9619467;R-HSA-399711;R-HSA-9619214;R-HSA-442715;R-HSA-416985;R-HSA-9619376;R-HSA-442725;R-HSA-432162;R-HSA-9619125;R-HSA-111913;R-HSA-9618811;R-HSA-451311;R-HSA-111912;R-HSA-420975;R-HSA-442732;R-HSA-111915;R-HSA-9619449;R-HSA-9618750;R-HSA-9617535;R-HSA-445367;R-HSA-9618785;R-HSA-9619430;R-HSA-9619367;R-HSA-416639;R-HSA-442749;R-HSA-9617326;R-HSA-9617583;R-HSA-9618863;R-HSA-444792
R-HSA-199977,ER to Golgi Anterograde Transport,1,164,0.010766807,0.292774721,0.292774721,17,39,0.002725938,9606,Homo sapiens,Ykt6,,R-HSA-5694423;R-HSA-6807877;R-HSA-6807875;R-HSA-5694418;R-HSA-203973;R-HSA-6809006;R-HSA-204008;R-HSA-6809003;R-HSA-5694425;R-HSA-6809015;R-HSA-6809014;R-HSA-5694439;R-HSA-6809011;R-HSA-6809010;R-HSA-5694446;R-HSA-5694441;R-HSA-5694409
R-HSA-1500931,Cell-Cell communication,1,165,0.010832458,0.294275115,0.294275115,1,93,0.006500315,9606,Homo sapiens,Flna,,R-HSA-430347
R-HSA-73857,RNA Polymerase II Transcription,5,1728,0.113445378,0.294697968,0.294697968,7,945,0.066051583,9606,Homo sapiens,H19;Phc2;Gria2;Calm1,,R-HSA-8986937;R-HSA-8986939;R-HSA-9022365;R-HSA-9006992;R-HSA-8936068;R-HSA-8937989;R-HSA-9022359
R-HSA-9612973,Autophagy,1,166,0.010898109,0.295772426,0.295772426,14,108,0.007548752,9606,Homo sapiens,Lamp2,,R-HSA-9626256;R-HSA-9626039;R-HSA-9626235;R-HSA-9622840;R-HSA-9624158;R-HSA-9626242;R-HSA-9626276;R-HSA-9625188;R-HSA-9620197;R-HSA-9622831;R-HSA-9626060;R-HSA-9625196;R-HSA-9626253;R-HSA-9625197
R-HSA-3858494,Beta-catenin independent WNT signaling,1,166,0.010898109,0.295772426,0.295772426,6,51,0.003564689,9606,Homo sapiens,Calm1,,R-HSA-2730872;R-HSA-4332358;R-HSA-4332359;R-HSA-4332363;R-HSA-4551465;R-HSA-4551451
R-HSA-425393,Transport of inorganic cations/anions and amino acids/oligopeptides,1,167,0.010963761,0.297266659,0.297266659,1,76,0.005312085,9606,Homo sapiens,Calm1,,R-HSA-425661
R-HSA-2187338,Visual phototransduction,1,169,0.011095063,0.300245916,0.300245916,3,92,0.006430419,9606,Homo sapiens,Calm1,,R-HSA-74448;R-HSA-6786205;R-HSA-3229181
R-HSA-6807070,PTEN Regulation,1,171,0.011226366,0.303212936,0.303212936,2,56,0.003914168,9606,Homo sapiens,Phc2,,R-HSA-8944104;R-HSA-8943817
R-HSA-73887,Death Receptor Signaling,1,172,0.011292017,0.304691872,0.304691872,4,119,0.008317607,9606,Homo sapiens,Arhgdia,,R-HSA-9012761;R-HSA-193696;R-HSA-193668;R-HSA-193646
R-HSA-212165,Epigenetic regulation of gene expression,1,178,0.011685924,0.313501834,0.313501834,1,64,0.004473335,9606,Homo sapiens,Mcrs1,,R-HSA-9828175
R-HSA-3108232,SUMO E3 ligases SUMOylate target proteins,1,183,0.012014181,0.320760776,0.320760776,8,131,0.009156357,9606,Homo sapiens,Phc2,,R-HSA-4551655;R-HSA-3108203;R-HSA-4570499;R-HSA-4655440;R-HSA-4551727;R-HSA-4570463;R-HSA-3927824;R-HSA-3108209
R-HSA-983705,Signaling by the B Cell Receptor (BCR),1,189,0.012408088,0.329373389,0.329373389,3,45,0.003145313,9606,Homo sapiens,Calm1,,R-HSA-74448;R-HSA-2025882;R-HSA-2025890
R-HSA-418555,G alpha (s) signalling events,1,190,0.012473739,0.3307985,0.3307985,3,28,0.001957084,9606,Homo sapiens,Tapbp,,R-HSA-379044;R-HSA-744887;R-HSA-744886
R-HSA-2990846,SUMOylation,1,192,0.012605042,0.333639927,0.333639927,8,140,0.00978542,9606,Homo sapiens,Phc2,,R-HSA-4551655;R-HSA-3108203;R-HSA-4570499;R-HSA-4655440;R-HSA-4551727;R-HSA-4570463;R-HSA-3927824;R-HSA-3108209
R-HSA-9664433,Leishmania parasite growth and survival,1,193,0.012670693,0.335056255,0.335056255,2,40,0.002795834,9606,Homo sapiens,Calm1,,R-HSA-74448;R-HSA-111930
R-HSA-9662851,Anti-inflammatory response favouring Leishmania parasite infection,1,193,0.012670693,0.335056255,0.335056255,2,40,0.002795834,9606,Homo sapiens,Calm1,,R-HSA-74448;R-HSA-111930
R-HSA-2559583,Cellular Senescence,1,199,0.013064601,0.343493175,0.343493175,3,90,0.006290627,9606,Homo sapiens,Phc2,,R-HSA-3229089;R-HSA-3223200;R-HSA-3229102
R-HSA-5621481,C-type lectin receptors (CLRs),1,203,0.013327206,0.349060076,0.349060076,4,68,0.004752918,9606,Homo sapiens,Calm1,,R-HSA-2730872;R-HSA-74448;R-HSA-2730849;R-HSA-2730867
R-HSA-5689880,Ub-specific processing proteases,1,206,0.01352416,0.353205213,0.353205213,1,40,0.002795834,9606,Homo sapiens,Usp5,,R-HSA-5690152
R-HSA-983712,Ion channel transport,1,208,0.013655462,0.35595442,0.35595442,2,51,0.003564689,9606,Homo sapiens,Calm1,,R-HSA-427910;R-HSA-2855020
R-HSA-5617833,Cilium Assembly,1,209,0.013721113,0.357324775,0.357324775,1,50,0.003494793,9606,Homo sapiens,2-Sep,,R-HSA-5626681
R-HSA-9824439,Bacterial Infection Pathways,1,209,0.013721113,0.357324775,0.357324775,1,152,0.01062417,9606,Homo sapiens,Calm1,,R-HSA-5211224
R-HSA-72163,mRNA Splicing - Major Pathway,1,213,0.013983718,0.362778002,0.362778002,5,10,6.99E-04,9606,Homo sapiens,Sf3b2,,R-HSA-9770132;R-HSA-9770129;R-HSA-9770145;R-HSA-9770131;R-HSA-9770142
R-HSA-9609690,HCMV Early Events,1,215,0.014115021,0.365487779,0.365487779,2,12,8.39E-04,9606,Homo sapiens,Cbx1,,R-HSA-9614816;R-HSA-9614810
R-HSA-948021,Transport to the Golgi and subsequent modification,1,219,0.014377626,0.370873884,0.370873884,17,60,0.004193751,9606,Homo sapiens,Ykt6,,R-HSA-5694423;R-HSA-6807877;R-HSA-6807875;R-HSA-5694418;R-HSA-203973;R-HSA-6809006;R-HSA-204008;R-HSA-6809003;R-HSA-5694425;R-HSA-6809015;R-HSA-6809014;R-HSA-5694439;R-HSA-6809011;R-HSA-6809010;R-HSA-5694446;R-HSA-5694441;R-HSA-5694409
R-HSA-6811442,Intra-Golgi and retrograde Golgi-to-ER traffic,1,219,0.014377626,0.370873884,0.370873884,4,48,0.003355001,9606,Homo sapiens,Ykt6,,R-HSA-8847638;R-HSA-8847637;R-HSA-8847635;R-HSA-8847544
R-HSA-72172,mRNA Splicing,1,224,0.014705882,0.377544255,0.377544255,10,15,0.001048438,9606,Homo sapiens,Sf3b2,,R-HSA-9770132;R-HSA-9770129;R-HSA-9770145;R-HSA-9770131;R-HSA-75079;R-HSA-75081;R-HSA-75080;R-HSA-75083;R-HSA-9770142;R-HSA-75082
R-HSA-397014,Muscle contraction,1,232,0.015231092,0.388074577,0.388074577,7,53,0.00370448,9606,Homo sapiens,Calm1,,R-HSA-427910;R-HSA-74448;R-HSA-445813;R-HSA-445797;R-HSA-2855020;R-HSA-5576895;R-HSA-425661
R-HSA-2454202,Fc epsilon receptor (FCERI) signaling,1,235,0.015428046,0.391978784,0.391978784,4,65,0.004543231,9606,Homo sapiens,Calm1,,R-HSA-2730872;R-HSA-74448;R-HSA-2730849;R-HSA-2730867
R-HSA-199991,Membrane Trafficking,2,668,0.043855042,0.412433458,0.412433458,23,219,0.015307192,9606,Homo sapiens,Ykt6;Calm1,,R-HSA-5694423;R-HSA-6807877;R-HSA-2316352;R-HSA-6807875;R-HSA-5694418;R-HSA-203973;R-HSA-6809006;R-HSA-204008;R-HSA-6809003;R-HSA-5694425;R-HSA-6809015;R-HSA-6809014;R-HSA-5694439;R-HSA-8847638;R-HSA-8847637;R-HSA-6809011;R-HSA-8847635;R-HSA-6809010;R-HSA-5694446;R-HSA-2316349;R-HSA-5694441;R-HSA-5694409;R-HSA-8847544
R-HSA-3247509,Chromatin modifying enzymes,1,254,0.01667542,0.416150857,0.416150857,1,85,0.005941148,9606,Homo sapiens,Mcrs1,,R-HSA-3321805
R-HSA-4839726,Chromatin organization,1,254,0.01667542,0.416150857,0.416150857,1,85,0.005941148,9606,Homo sapiens,Mcrs1,,R-HSA-3321805
R-HSA-8939211,ESR-mediated signaling,1,256,0.016806723,0.41864045,0.41864045,1,114,0.007968127,9606,Homo sapiens,Calm1,,R-HSA-202127
R-HSA-9609646,HCMV Infection,1,270,0.01772584,0.435781893,0.435781893,2,31,0.002166772,9606,Homo sapiens,Cbx1,,R-HSA-9614816;R-HSA-9614810
R-HSA-416476,G alpha (q) signalling events,1,285,0.018710609,0.453604252,0.453604252,3,35,0.002446355,9606,Homo sapiens,Tapbp,,R-HSA-749448;R-HSA-749452;R-HSA-379048
R-HSA-72203,Processing of Capped Intron-Containing Pre-mRNA,1,299,0.019629727,0.469745589,0.469745589,10,34,0.002376459,9606,Homo sapiens,Sf3b2,,R-HSA-9770132;R-HSA-9770129;R-HSA-9770145;R-HSA-9770131;R-HSA-75079;R-HSA-75081;R-HSA-75080;R-HSA-75083;R-HSA-9770142;R-HSA-75082
R-HSA-9658195,Leishmania infection,1,302,0.019826681,0.47314385,0.47314385,2,95,0.006640106,9606,Homo sapiens,Calm1,,R-HSA-74448;R-HSA-111930
R-HSA-9824443,Parasitic Infection Pathways,1,302,0.019826681,0.47314385,0.47314385,2,95,0.006640106,9606,Homo sapiens,Calm1,,R-HSA-74448;R-HSA-111930
R-HSA-5673001,RAF/MAP kinase cascade,1,322,0.021139706,0.495265725,0.495265725,7,75,0.005242189,9606,Homo sapiens,Calm1,,R-HSA-9653585;R-HSA-5672965;R-HSA-9654533;R-HSA-9654523;R-HSA-9654521;R-HSA-9654525;R-HSA-5672969
R-HSA-1257604,PIP3 activates AKT signaling,1,322,0.021139706,0.495265725,0.495265725,2,88,0.006150835,9606,Homo sapiens,Phc2,,R-HSA-8944104;R-HSA-8943817
R-HSA-913531,Interferon Signaling,1,322,0.021139706,0.495265725,0.495265725,1,79,0.005521773,9606,Homo sapiens,Flna,,R-HSA-8985123
R-HSA-5684996,MAPK1/MAPK3 signaling,1,329,0.021599265,0.502793665,0.502793665,7,82,0.00573146,9606,Homo sapiens,Calm1,,R-HSA-9653585;R-HSA-5672965;R-HSA-9654533;R-HSA-9654523;R-HSA-9654521;R-HSA-9654525;R-HSA-5672969
R-HSA-388396,GPCR downstream signalling,2,795,0.052192752,0.503080161,0.503080161,22,175,0.012231775,9606,Homo sapiens,Tapbp;Calm1,,R-HSA-9618834;R-HSA-379044;R-HSA-442725;R-HSA-749448;R-HSA-9619125;R-HSA-749452;R-HSA-111913;R-HSA-111912;R-HSA-111915;R-HSA-379048;R-HSA-74448;R-HSA-201783;R-HSA-111956;R-HSA-201787;R-HSA-111930;R-HSA-442749;R-HSA-744887;R-HSA-9617583;R-HSA-9618863;R-HSA-744886;R-HSA-444792;R-HSA-111966
R-HSA-195721,Signaling by WNT,1,331,0.021730567,0.504924451,0.504924451,6,157,0.010973649,9606,Homo sapiens,Calm1,,R-HSA-2730872;R-HSA-4332358;R-HSA-4332359;R-HSA-4332363;R-HSA-4551465;R-HSA-4551451
R-HSA-392499,Metabolism of proteins,5,2213,0.145286239,0.505449152,0.505449152,30,812,0.056755434,9606,Homo sapiens,Mcrs1;Phc2;Usp5;Ykt6;Calm1,,R-HSA-5694423;R-HSA-3108203;R-HSA-5694418;R-HSA-4570499;R-HSA-203973;R-HSA-6809006;R-HSA-8853515;R-HSA-6809003;R-HSA-5694425;R-HSA-6809015;R-HSA-6809014;R-HSA-6809011;R-HSA-6809010;R-HSA-4655440;R-HSA-4570463;R-HSA-5689544;R-HSA-3108209;R-HSA-8853529;R-HSA-5694409;R-HSA-4551655;R-HSA-6807877;R-HSA-6807875;R-HSA-4551727;R-HSA-3927824;R-HSA-204008;R-HSA-5694439;R-HSA-5694446;R-HSA-6786205;R-HSA-5690152;R-HSA-5694441
R-HSA-5653656,Vesicle-mediated transport,2,828,0.054359244,0.525235751,0.525235751,23,252,0.017613756,9606,Homo sapiens,Ykt6;Calm1,,R-HSA-5694423;R-HSA-6807877;R-HSA-2316352;R-HSA-6807875;R-HSA-5694418;R-HSA-203973;R-HSA-6809006;R-HSA-204008;R-HSA-6809003;R-HSA-5694425;R-HSA-6809015;R-HSA-6809014;R-HSA-5694439;R-HSA-8847638;R-HSA-8847637;R-HSA-6809011;R-HSA-8847635;R-HSA-6809010;R-HSA-5694446;R-HSA-2316349;R-HSA-5694441;R-HSA-5694409;R-HSA-8847544
R-HSA-8953854,Metabolism of RNA,2,830,0.054490546,0.526558456,0.526558456,11,189,0.013210317,9606,Homo sapiens,Sf3b2;H19,,R-HSA-9770132;R-HSA-9770129;R-HSA-9770145;R-HSA-9770131;R-HSA-75079;R-HSA-75081;R-HSA-75080;R-HSA-75083;R-HSA-9770142;R-HSA-75082;R-HSA-428296
R-HSA-5683057,MAPK family signaling cascades,1,380,0.024947479,0.554450147,0.554450147,7,122,0.008527294,9606,Homo sapiens,Calm1,,R-HSA-9653585;R-HSA-5672965;R-HSA-9654533;R-HSA-9654523;R-HSA-9654521;R-HSA-9654525;R-HSA-5672969
R-HSA-73894,DNA Repair,1,380,0.024947479,0.554450147,0.554450147,1,339,0.023694695,9606,Homo sapiens,Mcrs1,,R-HSA-5691006
R-HSA-372790,Signaling by GPCR,2,876,0.057510504,0.556332035,0.556332035,23,392,0.027399175,9606,Homo sapiens,Tapbp;Calm1,,R-HSA-9618834;R-HSA-379044;R-HSA-442725;R-HSA-749448;R-HSA-9619125;R-HSA-417825;R-HSA-749452;R-HSA-111913;R-HSA-111912;R-HSA-111915;R-HSA-379048;R-HSA-74448;R-HSA-201783;R-HSA-111956;R-HSA-201787;R-HSA-111930;R-HSA-442749;R-HSA-744887;R-HSA-9617583;R-HSA-9618863;R-HSA-744886;R-HSA-444792;R-HSA-111966
R-HSA-196854,Metabolism of vitamins and cofactors,1,382,0.025078782,0.556366102,0.556366102,2,205,0.01432865,9606,Homo sapiens,Calm1,,R-HSA-1497796;R-HSA-1497784
R-HSA-9006931,Signaling by Nuclear Receptors,1,386,0.025341387,0.560174094,0.560174094,1,196,0.013699588,9606,Homo sapiens,Calm1,,R-HSA-202127
R-HSA-983169,Class I MHC mediated antigen processing & presentation,1,412,0.027048319,0.584165303,0.584165303,6,48,0.003355001,9606,Homo sapiens,Tapbp,,R-HSA-8951595;R-HSA-8951499;R-HSA-8863858;R-HSA-983161;R-HSA-983142;R-HSA-8863914
R-HSA-373076,Class A/1 (Rhodopsin-like receptors),1,414,0.027179622,0.58595733,0.58595733,1,185,0.012930733,9606,Homo sapiens,Tapbp,,R-HSA-417825
R-HSA-425407,SLC-mediated transmembrane transport,1,418,0.027442227,0.589518965,0.589518965,1,194,0.013559796,9606,Homo sapiens,Calm1,,R-HSA-425661
R-HSA-1280218,Adaptive Immune System,2,933,0.061252626,0.591460788,0.591460788,9,265,0.018522402,9606,Homo sapiens,Tapbp;Calm1,,R-HSA-74448;R-HSA-8951595;R-HSA-8951499;R-HSA-2025882;R-HSA-8863858;R-HSA-983161;R-HSA-983142;R-HSA-2025890;R-HSA-8863914
R-HSA-446203,Asparagine N-linked glycosylation,1,421,0.027639181,0.592170695,0.592170695,17,144,0.010065003,9606,Homo sapiens,Ykt6,,R-HSA-5694423;R-HSA-6807877;R-HSA-6807875;R-HSA-5694418;R-HSA-203973;R-HSA-6809006;R-HSA-204008;R-HSA-6809003;R-HSA-5694425;R-HSA-6809015;R-HSA-6809014;R-HSA-5694439;R-HSA-6809011;R-HSA-6809010;R-HSA-5694446;R-HSA-5694441;R-HSA-5694409
R-HSA-418594,G alpha (i) signalling events,1,426,0.027967437,0.596553411,0.596553411,16,74,0.005172293,9606,Homo sapiens,Calm1,,R-HSA-9618834;R-HSA-442725;R-HSA-9619125;R-HSA-111913;R-HSA-111912;R-HSA-111915;R-HSA-74448;R-HSA-201783;R-HSA-111956;R-HSA-201787;R-HSA-111930;R-HSA-442749;R-HSA-9617583;R-HSA-9618863;R-HSA-444792;R-HSA-111966
R-HSA-8978868,Fatty acid metabolism,1,431,0.028295693,0.600890484,0.600890484,1,220,0.015377088,9606,Homo sapiens,Hacd3,,R-HSA-5676637
R-HSA-71387,Metabolism of carbohydrates,1,461,0.030265231,0.625979896,0.625979896,3,241,0.016844901,9606,Homo sapiens,Calm1,,R-HSA-71541;R-HSA-71588;R-HSA-453337
R-HSA-162582,Signal Transduction,6,3028,0.198792017,0.633428194,0.633428194,67,2536,0.177255889,9606,Homo sapiens,Phc2;Flna;Arhgdia;Tapbp;Ykt6;Calm1,,R-HSA-9618834;R-HSA-749448;R-HSA-4332358;R-HSA-4332359;R-HSA-9013004;R-HSA-193668;R-HSA-749452;R-HSA-4332363;R-HSA-9018754;R-HSA-202127;R-HSA-9012761;R-HSA-9013147;R-HSA-202129;R-HSA-9654533;R-HSA-9714691;R-HSA-202137;R-HSA-9692809;R-HSA-9014293;R-HSA-379044;R-HSA-193696;R-HSA-202144;R-HSA-5668978;R-HSA-9619125;R-HSA-417825;R-HSA-111913;R-HSA-111912;R-HSA-111915;R-HSA-379048;R-HSA-1497784;R-HSA-5669240;R-HSA-9013158;R-HSA-9014456;R-HSA-201783;R-HSA-9691174;R-HSA-201787;R-HSA-111930;R-HSA-744887;R-HSA-9617583;R-HSA-9618863;R-HSA-744886;R-HSA-8943817;R-HSA-9653585;R-HSA-9014467;R-HSA-74448;R-HSA-2730872;R-HSA-5672965;R-HSA-5669250;R-HSA-111956;R-HSA-5626507;R-HSA-4551451;R-HSA-111966;R-HSA-5672969;R-HSA-5626549;R-HSA-8944104;R-HSA-445797;R-HSA-442725;R-HSA-9654523;R-HSA-9012835;R-HSA-9654521;R-HSA-193646;R-HSA-4551465;R-HSA-9654525;R-HSA-442749;R-HSA-202111;R-HSA-9013108;R-HSA-202110;R-HSA-444792
R-HSA-6798695,Neutrophil degranulation,1,478,0.031381303,0.639511729,0.639511729,2,10,6.99E-04,9606,Homo sapiens,Lamp2,,R-HSA-6798739;R-HSA-6800426
R-HSA-5663202,Diseases of signal transduction by growth factor receptors and second messengers,1,498,0.032694328,0.654824865,0.654824865,5,478,0.033410219,9606,Homo sapiens,Calm1,,R-HSA-6802916;R-HSA-9656212;R-HSA-6802927;R-HSA-6802941;R-HSA-6802924
R-HSA-500792,GPCR ligand binding,1,609,0.039981618,0.729014804,0.729014804,1,217,0.015167401,9606,Homo sapiens,Tapbp,,R-HSA-417825
R-HSA-9006934,Signaling by Receptor Tyrosine Kinases,1,623,0.040900735,0.737194859,0.737194859,8,746,0.052142308,9606,Homo sapiens,Calm1,,R-HSA-74448;R-HSA-202129;R-HSA-202144;R-HSA-202137;R-HSA-202111;R-HSA-202127;R-HSA-202110;R-HSA-1497784
R-HSA-71291,Metabolism of amino acids and derivatives,1,667,0.043789391,0.761376147,0.761376147,1,285,0.019920319,9606,Homo sapiens,Azin1,,R-HSA-350600
R-HSA-168249,Innate Immune System,2,1341,0.08803834,0.785766033,0.785766033,6,725,0.050674495,9606,Homo sapiens,Lamp2;Calm1,,R-HSA-2730872;R-HSA-74448;R-HSA-6798739;R-HSA-2730849;R-HSA-2730867;R-HSA-6800426
R-HSA-1640170,Cell Cycle,1,733,0.048122374,0.79365412,0.79365412,5,451,0.031523031,9606,Homo sapiens,Chtf8,,R-HSA-174439;R-HSA-9668902;R-HSA-174452;R-HSA-9668904;R-HSA-174447
R-HSA-5663205,Infectious disease,2,1445,0.094866071,0.820655572,0.820655572,5,897,0.062696582,9606,Homo sapiens,Cbx1;Calm1,,R-HSA-74448;R-HSA-9614816;R-HSA-5211224;R-HSA-9614810;R-HSA-111930
R-HSA-168256,Immune System,4,2627,0.172465861,0.82660621,0.82660621,15,1664,0.116306703,9606,Homo sapiens,Lamp2;Flna;Tapbp;Calm1,,R-HSA-8951595;R-HSA-8951499;R-HSA-2025882;R-HSA-2730849;R-HSA-983142;R-HSA-8985123;R-HSA-6800426;R-HSA-8863914;R-HSA-74448;R-HSA-2730872;R-HSA-6798739;R-HSA-8863858;R-HSA-983161;R-HSA-2730867;R-HSA-2025890
R-HSA-382551,Transport of small molecules,1,969,0.063616071,0.877953189,0.877953189,3,454,0.031732718,9606,Homo sapiens,Calm1,,R-HSA-427910;R-HSA-2855020;R-HSA-425661
R-HSA-1280215,Cytokine Signaling in Immune system,1,1039,0.06821166,0.895731603,0.895731603,1,745,0.052072412,9606,Homo sapiens,Flna,,R-HSA-8985123
R-HSA-9824446,Viral Infection Pathways,1,1073,0.070443803,0.90343476,0.90343476,2,651,0.045502202,9606,Homo sapiens,Cbx1,,R-HSA-9614816;R-HSA-9614810
R-HSA-9709957,Sensory Perception,1,1262,0.082851891,0.937185023,0.937185023,3,143,0.009995107,9606,Homo sapiens,Calm1,,R-HSA-74448;R-HSA-6786205;R-HSA-3229181
R-HSA-556833,Metabolism of lipids,1,1446,0.094931723,0.958903676,0.958903676,1,965,0.0674495,9606,Homo sapiens,Hacd3,,R-HSA-5676637
R-HSA-1643685,Disease,2,2528,0.165966387,0.977858395,0.977858395,11,1787,0.124903893,9606,Homo sapiens,Cbx1;Calm1,,R-HSA-9005561;R-HSA-74448;R-HSA-9614816;R-HSA-6802916;R-HSA-9656212;R-HSA-5211224;R-HSA-6802927;R-HSA-9614810;R-HSA-6802941;R-HSA-6802924;R-HSA-111930
R-HSA-1430728,Metabolism,3,3647,0.239430147,0.990532187,0.990532187,15,2268,0.1585238,9606,Homo sapiens,Hacd3;Azin1;Calm1,,R-HSA-202144;R-HSA-1497810;R-HSA-71588;R-HSA-5676637;R-HSA-202127;R-HSA-350600;R-HSA-1855153;R-HSA-1497784;R-HSA-1497796;R-HSA-202129;R-HSA-71541;R-HSA-202137;R-HSA-202111;R-HSA-202110;R-HSA-453337