Pathway identifier,Pathway name,#Entities found,#Entities total,Entities ratio,Entities pValue,Entities FDR,#Reactions found,#Reactions total,Reactions ratio,Species identifier,Species name,Submitted entities found,Mapped entities,Found reaction identifiers
R-HSA-6798695,Neutrophil degranulation,9,478,0.031381303,6.78E-05,0.024889234,10,10,6.99E-04,9606,Homo sapiens,Tspan14;Gm2a;Cybb;Lamp2;Nckap1l;Rab27a;Dbnl;Itgal;Cd33,,R-HSA-6798743;R-HSA-6799350;R-HSA-6798739;R-HSA-6800434;R-HSA-6798751;R-HSA-6798749;R-HSA-6798748;R-HSA-6798747;R-HSA-6800426;R-HSA-6798745
R-HSA-8866652,Synthesis of active ubiquitin: roles of E1 and E2 enzymes,3,33,0.002166492,2.73E-04,0.033742677,4,16,0.001118334,9606,Homo sapiens,Ube2g2;Usp5,,R-HSA-8852129;R-HSA-8852127;R-HSA-8853515;R-HSA-8853529
R-HSA-8852135,Protein ubiquitination,4,83,0.005449055,2.77E-04,0.033742677,6,32,0.002236667,9606,Homo sapiens,Ube2g2;Derl1;Usp5,,R-HSA-8943080;R-HSA-8943083;R-HSA-8852129;R-HSA-8852127;R-HSA-8853515;R-HSA-8853529
R-HSA-983170,"Antigen Presentation: Folding, assembly and peptide loading of class I MHC",3,41,0.002691702,5.12E-04,0.046577412,7,16,0.001118334,9606,Homo sapiens,Canx;Tap1;Tapbp,,R-HSA-8951499;R-HSA-983148;R-HSA-983146;R-HSA-983161;R-HSA-983145;R-HSA-983144;R-HSA-983142
R-HSA-8949275,RUNX3 Regulates Immune Response and Cell Migration,2,10,6.57E-04,6.72E-04,0.04902309,2,5,3.49E-04,9606,Homo sapiens,Itgal,,R-HSA-8949343;R-HSA-8949335
R-HSA-1236973,Cross-presentation of particulate exogenous antigens (phagosomes),2,13,8.53E-04,0.001126775,0.059718607,3,3,2.10E-04,9606,Homo sapiens,Itgb5;Cybb,,R-HSA-1236967;R-HSA-1236958;R-HSA-1236956
R-HSA-532668,N-glycan trimming in the ER and Calnexin/Calreticulin cycle,3,57,0.003742122,0.001318401,0.059718607,5,18,0.001258125,9606,Homo sapiens,Canx;Derl1,,R-HSA-548890;R-HSA-8850594;R-HSA-901047;R-HSA-535717;R-HSA-8867288
R-HSA-1236975,Antigen processing-Cross presentation,4,128,0.008403361,0.001381428,0.059718607,7,23,0.001607605,9606,Homo sapiens,Itgb5;Cybb;Tap1;Tapbp,,R-HSA-8951595;R-HSA-1236967;R-HSA-8863858;R-HSA-1236949;R-HSA-1236958;R-HSA-8863914;R-HSA-1236956
R-HSA-381183,ATF6 (ATF6-alpha) activates chaperone genes,2,15,9.85E-04,0.001492965,0.059718607,1,5,3.49E-04,9606,Homo sapiens,Xbp1,,R-HSA-1791121
R-HSA-381033,ATF6 (ATF6-alpha) activates chaperones,2,17,0.001116071,0.001908458,0.068704487,1,10,6.99E-04,9606,Homo sapiens,Xbp1,,R-HSA-1791121
R-HSA-381119,Unfolded Protein Response (UPR),4,156,0.010241597,0.002821406,0.093106404,50,99,0.00691969,9606,Homo sapiens,Xbp1,,R-HSA-1791131;R-HSA-1791130;R-HSA-1791128;R-HSA-8953356;R-HSA-1791134;R-HSA-1791133;R-HSA-1791123;R-HSA-1791122;R-HSA-1791121;R-HSA-1791124;R-HSA-1791114;R-HSA-1791112;R-HSA-381203;R-HSA-1791116;R-HSA-1791108;R-HSA-1791167;R-HSA-1791164;R-HSA-1791155;R-HSA-1791154;R-HSA-1791158;R-HSA-1791157;R-HSA-1791156;R-HSA-1791144;R-HSA-1791139;R-HSA-1791138;R-HSA-1791137;R-HSA-1791143;R-HSA-1791066;R-HSA-1791064;R-HSA-1791071;R-HSA-425923;R-HSA-1791069;R-HSA-1791058;R-HSA-1791186;R-HSA-1791057;R-HSA-1791184;R-HSA-1791060;R-HSA-1791177;R-HSA-1791054;R-HSA-1791169;R-HSA-1791172;R-HSA-1791096;R-HSA-1791102;R-HSA-1791088;R-HSA-1791092;R-HSA-8953336;R-HSA-1791083;R-HSA-1791084;R-HSA-1791075;R-HSA-1791076
R-HSA-983169,Class I MHC mediated antigen processing & presentation,6,412,0.027048319,0.004365534,0.130966013,18,48,0.003355001,9606,Homo sapiens,Itgb5;Cybb;Canx;Tap1;Ube2g2;Tapbp,,R-HSA-8951595;R-HSA-8951499;R-HSA-983148;R-HSA-983146;R-HSA-983145;R-HSA-1236949;R-HSA-983144;R-HSA-983142;R-HSA-983140;R-HSA-1236958;R-HSA-8863914;R-HSA-1236956;R-HSA-1236967;R-HSA-8863858;R-HSA-983161;R-HSA-983157;R-HSA-983156;R-HSA-983152
R-HSA-9013404,RAC2 GTPase cycle,3,92,0.006039916,0.005055487,0.141553624,3,10,6.99E-04,9606,Homo sapiens,Cybb;Nckap1l;Arhgdia,,R-HSA-9014424;R-HSA-9014293;R-HSA-9014294
R-HSA-9013149,RAC1 GTPase cycle,4,191,0.012539391,0.005758406,0.149718567,3,6,4.19E-04,9606,Homo sapiens,Cybb;Nckap1l;Arap1;Arhgdia,,R-HSA-9013145;R-HSA-9013144;R-HSA-9013147
R-HSA-381070,IRE1alpha activates chaperones,3,101,0.006630777,0.006532858,0.156788592,49,53,0.00370448,9606,Homo sapiens,Xbp1,,R-HSA-1791131;R-HSA-1791130;R-HSA-1791128;R-HSA-8953356;R-HSA-1791134;R-HSA-1791133;R-HSA-1791123;R-HSA-1791122;R-HSA-1791124;R-HSA-1791114;R-HSA-1791112;R-HSA-381203;R-HSA-1791116;R-HSA-1791108;R-HSA-1791167;R-HSA-1791164;R-HSA-1791155;R-HSA-1791154;R-HSA-1791158;R-HSA-1791157;R-HSA-1791156;R-HSA-1791144;R-HSA-1791139;R-HSA-1791138;R-HSA-1791137;R-HSA-1791143;R-HSA-1791066;R-HSA-1791064;R-HSA-1791071;R-HSA-425923;R-HSA-1791069;R-HSA-1791058;R-HSA-1791186;R-HSA-1791057;R-HSA-1791184;R-HSA-1791060;R-HSA-1791177;R-HSA-1791054;R-HSA-1791169;R-HSA-1791172;R-HSA-1791096;R-HSA-1791102;R-HSA-1791088;R-HSA-1791092;R-HSA-8953336;R-HSA-1791083;R-HSA-1791084;R-HSA-1791075;R-HSA-1791076
R-HSA-1280218,Adaptive Immune System,9,933,0.061252626,0.007506223,0.165136912,26,265,0.018522402,9606,Homo sapiens,Itgb5;Cybb;Canx;Tap1;Ube2g2;Tapbp;Itgal;Cd33;Calm1,,R-HSA-8951499;R-HSA-8951500;R-HSA-2025882;R-HSA-1236949;R-HSA-199050;R-HSA-1236958;R-HSA-1236956;R-HSA-2130478;R-HSA-74448;R-HSA-2213241;R-HSA-8951595;R-HSA-983148;R-HSA-983146;R-HSA-983145;R-HSA-983144;R-HSA-983142;R-HSA-983140;R-HSA-8863914;R-HSA-5685607;R-HSA-1236967;R-HSA-8863858;R-HSA-983161;R-HSA-983157;R-HSA-983156;R-HSA-2025890;R-HSA-983152
R-HSA-901042,Calnexin/calreticulin cycle,2,41,0.002691702,0.010482078,0.167780905,4,13,9.09E-04,9606,Homo sapiens,Canx;Derl1,,R-HSA-548890;R-HSA-901047;R-HSA-535717;R-HSA-8867288
R-HSA-4420097,VEGFA-VEGFR2 Pathway,3,129,0.008469013,0.012649437,0.167780905,11,79,0.005521773,9606,Homo sapiens,Cybb;Nckap1l;Calm1,,R-HSA-74448;R-HSA-202129;R-HSA-202144;R-HSA-5218827;R-HSA-5218841;R-HSA-2029465;R-HSA-202137;R-HSA-202111;R-HSA-202127;R-HSA-202110;R-HSA-1497784
R-HSA-9007101,Rab regulation of trafficking,3,131,0.008600315,0.013177919,0.167780905,4,35,0.002446355,9606,Homo sapiens,Rab35;Rab27a;Tbc1d14,,R-HSA-8854759;R-HSA-8854173;R-HSA-8877308;R-HSA-8877612
R-HSA-3656535,TGFBR1 LBD Mutants in Cancer,1,4,2.63E-04,0.014858953,0.167780905,1,1,6.99E-05,9606,Homo sapiens,Tgfbr1,,R-HSA-3656382
R-HSA-3645790,TGFBR2 Kinase Domain Mutants in Cancer,1,4,2.63E-04,0.014858953,0.167780905,1,1,6.99E-05,9606,Homo sapiens,Tgfbr1,,R-HSA-3645780
R-HSA-1299308,Tandem of pore domain in a weak inwardly rectifying K+ channels (TWIK),1,4,2.63E-04,0.014858953,0.167780905,1,1,6.99E-05,9606,Homo sapiens,Kcnk6,,R-HSA-1299304
R-HSA-3642278,Loss of Function of TGFBR2 in Cancer,1,4,2.63E-04,0.014858953,0.167780905,1,2,1.40E-04,9606,Homo sapiens,Tgfbr1,,R-HSA-3645780
R-HSA-2173789,TGF-beta receptor signaling activates SMADs,2,50,0.003282563,0.015258805,0.167780905,18,44,0.003075418,9606,Homo sapiens,Itgb5;Tgfbr1,,R-HSA-178178;R-HSA-170850;R-HSA-2128994;R-HSA-178218;R-HSA-173483;R-HSA-173512;R-HSA-2127562;R-HSA-178189;R-HSA-170835;R-HSA-170868;R-HSA-2169046;R-HSA-2396029;R-HSA-170843;R-HSA-2179291;R-HSA-2169050;R-HSA-2395320;R-HSA-170846;R-HSA-2179293
R-HSA-194138,Signaling by VEGF,3,140,0.009191176,0.015711376,0.167780905,11,86,0.006011044,9606,Homo sapiens,Cybb;Nckap1l;Calm1,,R-HSA-74448;R-HSA-202129;R-HSA-202144;R-HSA-5218827;R-HSA-5218841;R-HSA-2029465;R-HSA-202137;R-HSA-202111;R-HSA-202127;R-HSA-202110;R-HSA-1497784
R-HSA-8854214,TBC/RABGAPs,2,51,0.003348214,0.015837586,0.167780905,2,14,9.79E-04,9606,Homo sapiens,Rab35;Tbc1d14,,R-HSA-8854759;R-HSA-8854173
R-HSA-114608,Platelet degranulation ,3,141,0.009256828,0.016008647,0.167780905,3,11,7.69E-04,9606,Homo sapiens,Lamp2;Fam49b;Calm1,,R-HSA-482772;R-HSA-481010;R-HSA-481007
R-HSA-76005,Response to elevated platelet cytosolic Ca2+,3,148,0.009716387,0.018178478,0.167780905,3,14,9.79E-04,9606,Homo sapiens,Lamp2;Fam49b;Calm1,,R-HSA-482772;R-HSA-481010;R-HSA-481007
R-HSA-209563,Axonal growth stimulation,1,5,3.28E-04,0.018539667,0.167780905,2,2,1.40E-04,9606,Homo sapiens,Arhgdia,,R-HSA-193668;R-HSA-193646
R-HSA-445355,Smooth Muscle Contraction,2,61,0.004004727,0.022126091,0.167780905,7,16,0.001118334,9606,Homo sapiens,Itgb5;Calm1,,R-HSA-74448;R-HSA-445700;R-HSA-445813;R-HSA-445797;R-HSA-445699;R-HSA-445704;R-HSA-445705
R-HSA-3656532,TGFBR1 KD Mutants in Cancer,1,6,3.94E-04,0.02220687,0.167780905,1,1,6.99E-05,9606,Homo sapiens,Tgfbr1,,R-HSA-3656523
R-HSA-76002,"Platelet activation, signaling and aggregation",4,293,0.019235819,0.02412846,0.167780905,4,117,0.008177815,9606,Homo sapiens,Lamp2;Fam49b;Abhd12;Calm1,,R-HSA-482772;R-HSA-481010;R-HSA-481007;R-HSA-5694462
R-HSA-5678895,Defective CFTR causes cystic fibrosis,2,66,0.004332983,0.025597139,0.167780905,3,8,5.59E-04,9606,Homo sapiens,Derl1,,R-HSA-8866854;R-HSA-8866857;R-HSA-8866856
R-HSA-3656534,Loss of Function of TGFBR1 in Cancer,1,7,4.60E-04,0.025860609,0.167780905,2,2,1.40E-04,9606,Homo sapiens,Tgfbr1,,R-HSA-3656382;R-HSA-3656523
R-HSA-3304356,SMAD2/3 Phosphorylation Motif Mutants in Cancer,1,7,4.60E-04,0.025860609,0.167780905,1,1,6.99E-05,9606,Homo sapiens,Tgfbr1,,R-HSA-3304394
R-HSA-9022535,Loss of phosphorylation of MECP2 at T308,1,7,4.60E-04,0.025860609,0.167780905,1,1,6.99E-05,9606,Homo sapiens,Calm1,,R-HSA-9005561
R-HSA-168316,Assembly of Viral Components at the Budding Site,1,7,4.60E-04,0.025860609,0.167780905,1,17,0.00118823,9606,Homo sapiens,Canx,,R-HSA-169921
R-HSA-168249,Innate Immune System,10,1341,0.08803834,0.026004985,0.167780905,21,725,0.050674495,9606,Homo sapiens,Tspan14;Gm2a;Cybb;Lamp2;Nckap1l;Rab27a;Dbnl;Itgal;Cd33;Calm1,,R-HSA-6789092;R-HSA-2029469;R-HSA-2029466;R-HSA-442592;R-HSA-2029465;R-HSA-2730849;R-HSA-6800426;R-HSA-6798743;R-HSA-6799350;R-HSA-2730872;R-HSA-74448;R-HSA-2130194;R-HSA-6798739;R-HSA-6800434;R-HSA-6798751;R-HSA-6798749;R-HSA-2730867;R-HSA-6798748;R-HSA-2197690;R-HSA-6798747;R-HSA-6798745
R-HSA-8873719,RAB geranylgeranylation,2,68,0.004464286,0.027043739,0.167780905,2,5,3.49E-04,9606,Homo sapiens,Rab35;Rab27a,,R-HSA-8870469;R-HSA-8870466
R-HSA-3299685,Detoxification of Reactive Oxygen Species,2,68,0.004464286,0.027043739,0.167780905,3,34,0.002376459,9606,Homo sapiens,Gpx3;Cybb,,R-HSA-6807557;R-HSA-3341397;R-HSA-1222376
R-HSA-167826,The fatty acid cycling model,1,8,5.25E-04,0.029500934,0.167780905,3,6,4.19E-04,9606,Homo sapiens,Ucp2,,R-HSA-166387;R-HSA-166214;R-HSA-166220
R-HSA-111957,Cam-PDE 1 activation,1,8,5.25E-04,0.029500934,0.167780905,1,2,1.40E-04,9606,Homo sapiens,Calm1,,R-HSA-111956
R-HSA-75094,Formation of the Editosome,1,8,5.25E-04,0.029500934,0.167780905,1,2,1.40E-04,9606,Homo sapiens,Apobec1,,R-HSA-77609
R-HSA-3304349,Loss of Function of SMAD2/3 in Cancer,1,8,5.25E-04,0.029500934,0.167780905,1,2,1.40E-04,9606,Homo sapiens,Tgfbr1,,R-HSA-3304394
R-HSA-109582,Hemostasis,7,803,0.052717962,0.029719879,0.167780905,15,338,0.023624799,9606,Homo sapiens,Cd84;Lamp2;Fam49b;Serpine2;Itgal;Abhd12;Calm1,,R-HSA-481007;R-HSA-5694462;R-HSA-158795;R-HSA-158419;R-HSA-158800;R-HSA-482772;R-HSA-481010;R-HSA-140599;R-HSA-5602080;R-HSA-140696;R-HSA-202713;R-HSA-158137;R-HSA-425661;R-HSA-202718;R-HSA-159005
R-HSA-3304351,Signaling by TGF-beta Receptor Complex in Cancer,1,9,5.91E-04,0.033127894,0.167780905,4,7,4.89E-04,9606,Homo sapiens,Tgfbr1,,R-HSA-3645780;R-HSA-3304394;R-HSA-3656382;R-HSA-3656523
R-HSA-2980767,"Activation of NIMA Kinases NEK9, NEK6, NEK7",1,9,5.91E-04,0.033127894,0.167780905,2,4,2.80E-04,9606,Homo sapiens,Nek7,,R-HSA-2980720;R-HSA-2984258
R-HSA-195258,RHO GTPase Effectors,4,325,0.02133666,0.033483372,0.167780905,16,113,0.007898232,9606,Homo sapiens,Cybb;Nckap1l;Ywhag;Calm1,,R-HSA-5626549;R-HSA-5668629;R-HSA-445797;R-HSA-2029469;R-HSA-5218827;R-HSA-5668978;R-HSA-2029466;R-HSA-442592;R-HSA-2029465;R-HSA-75016;R-HSA-5668605;R-HSA-9626848;R-HSA-2130194;R-HSA-5218841;R-HSA-2197690;R-HSA-5626507
R-HSA-72200,mRNA Editing: C to U Conversion,1,10,6.57E-04,0.036741535,0.167780905,2,3,2.10E-04,9606,Homo sapiens,Apobec1,,R-HSA-77609;R-HSA-83677
R-HSA-1445148,Translocation of SLC2A4 (GLUT4) to the plasma membrane,2,81,0.005317752,0.03721268,0.167780905,4,15,0.001048438,9606,Homo sapiens,Ywhag;Calm1,,R-HSA-2316352;R-HSA-1454689;R-HSA-1445149;R-HSA-2316349
R-HSA-199991,Membrane Trafficking,6,668,0.043855042,0.0382883,0.167780905,32,219,0.015307192,9606,Homo sapiens,Rab35;Rab27a;M6pr;Tbc1d14;Ywhag;Calm1,,R-HSA-8868230;R-HSA-432706;R-HSA-432707;R-HSA-8868236;R-HSA-1445149;R-HSA-432712;R-HSA-8854173;R-HSA-8871194;R-HSA-2316349;R-HSA-8871193;R-HSA-8854759;R-HSA-8868071;R-HSA-8866277;R-HSA-2316352;R-HSA-6814671;R-HSA-6814670;R-HSA-8877612;R-HSA-8867756;R-HSA-8868651;R-HSA-8867754;R-HSA-8868072;R-HSA-8868648;R-HSA-8868661;R-HSA-8868660;R-HSA-6814675;R-HSA-8868659;R-HSA-6814674;R-HSA-8868658;R-HSA-432688;R-HSA-1454689;R-HSA-8869438;R-HSA-8877308
R-HSA-167827,The proton buffering model,1,11,7.22E-04,0.040341907,0.167780905,1,1,6.99E-05,9606,Homo sapiens,Ucp2,,R-HSA-170026
R-HSA-442729,CREB1 phosphorylation through the activation of CaMKII/CaMKK/CaMKIV cascasde,1,11,7.22E-04,0.040341907,0.167780905,8,10,6.99E-04,9606,Homo sapiens,Calm1,,R-HSA-9618834;R-HSA-9619125;R-HSA-111913;R-HSA-111912;R-HSA-111915;R-HSA-442749;R-HSA-9618863;R-HSA-444792
R-HSA-193634,Axonal growth inhibition (RHOA activation),1,11,7.22E-04,0.040341907,0.167780905,2,6,4.19E-04,9606,Homo sapiens,Arhgdia,,R-HSA-9012761;R-HSA-193696
R-HSA-8849469,PTK6 Regulates RTKs and Their Effectors AKT1 and DOK1,1,11,7.22E-04,0.040341907,0.167780905,2,8,5.59E-04,9606,Homo sapiens,Arap1,,R-HSA-8848864;R-HSA-8848873
R-HSA-216083,Integrin cell surface interactions,2,86,0.005646008,0.04145761,0.167780905,6,55,0.003844272,9606,Homo sapiens,Itgb5;Itgal,,R-HSA-4085087;R-HSA-2752125;R-HSA-4088264;R-HSA-199050;R-HSA-202718;R-HSA-216076
R-HSA-9619229,Activation of RAC1 downstream of NMDARs,1,12,7.88E-04,0.043929057,0.167780905,5,6,4.19E-04,9606,Homo sapiens,Calm1,,R-HSA-9619376;R-HSA-9619783;R-HSA-9619367;R-HSA-9619355;R-HSA-9619214
R-HSA-2025928,Calcineurin activates NFAT,1,12,7.88E-04,0.043929057,0.167780905,2,3,2.10E-04,9606,Homo sapiens,Calm1,,R-HSA-2025882;R-HSA-2025890
R-HSA-193697,p75NTR regulates axonogenesis,1,12,7.88E-04,0.043929057,0.167780905,4,8,5.59E-04,9606,Homo sapiens,Arhgdia,,R-HSA-9012761;R-HSA-193696;R-HSA-193668;R-HSA-193646
R-HSA-75072,mRNA Editing,1,12,7.88E-04,0.043929057,0.167780905,2,9,6.29E-04,9606,Homo sapiens,Apobec1,,R-HSA-77609;R-HSA-83677
R-HSA-264870,Caspase-mediated cleavage of cytoskeletal proteins,1,12,7.88E-04,0.043929057,0.167780905,1,10,6.99E-04,9606,Homo sapiens,Dbnl,,R-HSA-202966
R-HSA-451308,Activation of Ca-permeable Kainate Receptor,1,13,8.53E-04,0.047503032,0.167780905,2,2,1.40E-04,9606,Homo sapiens,Calm1,,R-HSA-451283;R-HSA-451311
R-HSA-111932,CaMK IV-mediated phosphorylation of CREB,1,13,8.53E-04,0.047503032,0.167780905,10,13,9.09E-04,9606,Homo sapiens,Calm1,,R-HSA-9618834;R-HSA-442725;R-HSA-9619125;R-HSA-111913;R-HSA-111912;R-HSA-111915;R-HSA-442749;R-HSA-9617583;R-HSA-9618863;R-HSA-444792
R-HSA-426048,Arachidonate production from DAG,1,13,8.53E-04,0.047503032,0.167780905,1,3,2.10E-04,9606,Homo sapiens,Abhd12,,R-HSA-5694462
R-HSA-1296346,Tandem pore domain potassium channels,1,13,8.53E-04,0.047503032,0.167780905,1,6,4.19E-04,9606,Homo sapiens,Kcnk6,,R-HSA-1299304
R-HSA-9020956,Interleukin-27 signaling,1,13,8.53E-04,0.047503032,0.167780905,3,20,0.001397917,9606,Homo sapiens,Canx,,R-HSA-8950398;R-HSA-8950387;R-HSA-8950342
R-HSA-9683686,Maturation of spike protein,1,13,8.53E-04,0.047503032,0.167780905,1,8,5.59E-04,9606,Homo sapiens,Canx,,R-HSA-9683772
R-HSA-194315,Signaling by Rho GTPases,6,708,0.046481092,0.048468311,0.167780905,30,203,0.014188859,9606,Homo sapiens,Cybb;Nckap1l;Arap1;Arhgdia;Ywhag;Calm1,,R-HSA-5668629;R-HSA-2029469;R-HSA-5218827;R-HSA-2029466;R-HSA-2029465;R-HSA-75016;R-HSA-9018754;R-HSA-8981637;R-HSA-9013145;R-HSA-9014424;R-HSA-9013144;R-HSA-9013147;R-HSA-5218841;R-HSA-2197690;R-HSA-9014293;R-HSA-5626507;R-HSA-9014294;R-HSA-5626549;R-HSA-9013161;R-HSA-445797;R-HSA-5668978;R-HSA-442592;R-HSA-9012835;R-HSA-5668605;R-HSA-9013158;R-HSA-9018808;R-HSA-9014456;R-HSA-9626848;R-HSA-2130194;R-HSA-9013108
R-HSA-8876198,RAB GEFs exchange GTP for GDP on RABs,2,94,0.006171218,0.048606689,0.167780905,2,21,0.001467813,9606,Homo sapiens,Rab35;Rab27a,,R-HSA-8877308;R-HSA-8877612
R-HSA-451306,Ionotropic activity of kainate receptors,1,14,9.19E-04,0.051063881,0.167780905,2,4,2.80E-04,9606,Homo sapiens,Calm1,,R-HSA-451283;R-HSA-451311
R-HSA-9614399,Regulation of localization of FOXO transcription factors,1,14,9.19E-04,0.051063881,0.167780905,1,5,3.49E-04,9606,Homo sapiens,Ywhag,,R-HSA-9614423
R-HSA-75205,Dissolution of Fibrin Clot,1,14,9.19E-04,0.051063881,0.167780905,3,21,0.001467813,9606,Homo sapiens,Serpine2,,R-HSA-158800;R-HSA-158795;R-HSA-159005
R-HSA-9716542,"Signaling by Rho GTPases, Miro GTPases and RHOBTB3",6,724,0.047531513,0.052972968,0.167780905,30,212,0.014817921,9606,Homo sapiens,Cybb;Nckap1l;Arap1;Arhgdia;Ywhag;Calm1,,R-HSA-5668629;R-HSA-2029469;R-HSA-5218827;R-HSA-2029466;R-HSA-2029465;R-HSA-75016;R-HSA-9018754;R-HSA-8981637;R-HSA-9013145;R-HSA-9014424;R-HSA-9013144;R-HSA-9013147;R-HSA-5218841;R-HSA-2197690;R-HSA-9014293;R-HSA-5626507;R-HSA-9014294;R-HSA-5626549;R-HSA-9013161;R-HSA-445797;R-HSA-5668978;R-HSA-442592;R-HSA-9012835;R-HSA-5668605;R-HSA-9013158;R-HSA-9018808;R-HSA-9014456;R-HSA-9626848;R-HSA-2130194;R-HSA-9013108
R-HSA-5620912,Anchoring of the basal body to the plasma membrane,2,99,0.006499475,0.053286297,0.167780905,8,9,6.29E-04,9606,Homo sapiens,Sept2;Ywhag,,R-HSA-5626228;R-HSA-5626227;R-HSA-5626220;R-HSA-5626223;R-HSA-5626681;R-HSA-5617816;R-HSA-5626699;R-HSA-5638009
R-HSA-5619084,ABC transporter disorders,2,99,0.006499475,0.053286297,0.167780905,3,23,0.001607605,9606,Homo sapiens,Derl1,,R-HSA-8866854;R-HSA-8866857;R-HSA-8866856
R-HSA-9013423,RAC3 GTPase cycle,2,100,0.006565126,0.05424091,0.167780905,1,6,4.19E-04,9606,Homo sapiens,Cybb;Nckap1l,,R-HSA-9018808
R-HSA-418359,Reduction of cytosolic Ca++ levels,1,15,9.85E-04,0.054611651,0.167780905,1,3,2.10E-04,9606,Homo sapiens,Calm1,,R-HSA-425661
R-HSA-425561,Sodium/Calcium exchangers,1,15,9.85E-04,0.054611651,0.167780905,1,4,2.80E-04,9606,Homo sapiens,Calm1,,R-HSA-425661
R-HSA-75035,Chk1/Chk2(Cds1) mediated inactivation of Cyclin B:Cdk1 complex,1,15,9.85E-04,0.054611651,0.167780905,1,5,3.49E-04,9606,Homo sapiens,Ywhag,,R-HSA-75016
R-HSA-168256,Immune System,15,2627,0.172465861,0.056256484,0.167780905,51,1664,0.116306703,9606,Homo sapiens,Tspan14;Lamp2;Nckap1l;Tap1;Calm1;Gm2a;Itgb5;Cybb;Canx;Rab27a;Ube2g2;Dbnl;Tapbp;Itgal;Cd33,,R-HSA-6789092;R-HSA-2029469;R-HSA-2025882;R-HSA-2029466;R-HSA-2029465;R-HSA-199050;R-HSA-2130478;R-HSA-6799350;R-HSA-2197690;R-HSA-8951595;R-HSA-8863914;R-HSA-5685607;R-HSA-2130194;R-HSA-2025890;R-HSA-8951499;R-HSA-8951500;R-HSA-1236949;R-HSA-2730849;R-HSA-1236958;R-HSA-6800426;R-HSA-1236956;R-HSA-8950342;R-HSA-74448;R-HSA-2730872;R-HSA-8950362;R-HSA-6800434;R-HSA-2213241;R-HSA-2730867;R-HSA-8950740;R-HSA-983148;R-HSA-983146;R-HSA-983145;R-HSA-442592;R-HSA-983144;R-HSA-983142;R-HSA-983140;R-HSA-6798743;R-HSA-6798739;R-HSA-1236967;R-HSA-8863858;R-HSA-983161;R-HSA-8950398;R-HSA-6798751;R-HSA-6798749;R-HSA-983157;R-HSA-6798748;R-HSA-8950387;R-HSA-983156;R-HSA-6798747;R-HSA-6798745;R-HSA-983152
R-HSA-397014,Muscle contraction,3,232,0.015231092,0.056338164,0.167780905,12,53,0.00370448,9606,Homo sapiens,Itgb5;Kcnk6;Calm1,,R-HSA-427910;R-HSA-74448;R-HSA-445700;R-HSA-445797;R-HSA-445813;R-HSA-445699;R-HSA-2855020;R-HSA-5576895;R-HSA-5578910;R-HSA-425661;R-HSA-445704;R-HSA-445705
R-HSA-9005895,Pervasive developmental disorders,1,16,0.00105042,0.058146388,0.167780905,1,5,3.49E-04,9606,Homo sapiens,Calm1,,R-HSA-9005561
R-HSA-9005891,Loss of function of MECP2 in Rett syndrome,1,16,0.00105042,0.058146388,0.167780905,1,5,3.49E-04,9606,Homo sapiens,Calm1,,R-HSA-9005561
R-HSA-9675151,Disorders of Developmental Biology,1,16,0.00105042,0.058146388,0.167780905,1,5,3.49E-04,9606,Homo sapiens,Calm1,,R-HSA-9005561
R-HSA-9697154,Disorders of Nervous System Development,1,16,0.00105042,0.058146388,0.167780905,1,5,3.49E-04,9606,Homo sapiens,Calm1,,R-HSA-9005561
R-HSA-8984722,Interleukin-35 Signalling,1,16,0.00105042,0.058146388,0.167780905,2,26,0.001817292,9606,Homo sapiens,Canx,,R-HSA-8950362;R-HSA-8950740
R-HSA-1236974,ER-Phagosome pathway,2,106,0.006959034,0.060094617,0.167780905,4,10,6.99E-04,9606,Homo sapiens,Tap1;Tapbp,,R-HSA-8951595;R-HSA-8863858;R-HSA-1236949;R-HSA-8863914
R-HSA-170834,Signaling by TGF-beta Receptor Complex,2,107,0.007024685,0.061090715,0.167780905,24,100,0.006989586,9606,Homo sapiens,Itgb5;Tgfbr1,,R-HSA-178178;R-HSA-170850;R-HSA-2128994;R-HSA-2160931;R-HSA-2160932;R-HSA-2134532;R-HSA-2160935;R-HSA-178218;R-HSA-173483;R-HSA-2134506;R-HSA-173512;R-HSA-2127562;R-HSA-178189;R-HSA-170835;R-HSA-170868;R-HSA-2134519;R-HSA-2169046;R-HSA-2396029;R-HSA-170843;R-HSA-2179291;R-HSA-2169050;R-HSA-2395320;R-HSA-170846;R-HSA-2179293
R-HSA-442720,CREB1 phosphorylation through the activation of Adenylate Cyclase,1,17,0.001116071,0.061668141,0.167780905,2,6,4.19E-04,9606,Homo sapiens,Calm1,,R-HSA-442715;R-HSA-9617535
R-HSA-392499,Metabolism of proteins,13,2213,0.145286239,0.062481559,0.167780905,32,812,0.056755434,9606,Homo sapiens,Spcs3;Tspan14;Rab35;Canx;Rab27a;Ube2g2;Eif4h;Derl1;Usp5;Tgfbr1;Calm1,,R-HSA-8870469;R-HSA-8870466;R-HSA-72647;R-HSA-9010113;R-HSA-9023171;R-HSA-156808;R-HSA-8853515;R-HSA-400459;R-HSA-548890;R-HSA-9010074;R-HSA-156823;R-HSA-8852127;R-HSA-157849;R-HSA-8853529;R-HSA-8867288;R-HSA-8943080;R-HSA-6781764;R-HSA-8943083;R-HSA-422051;R-HSA-8850594;R-HSA-8852129;R-HSA-72619;R-HSA-72621;R-HSA-535717;R-HSA-400496;R-HSA-72697;R-HSA-2179291;R-HSA-901047;R-HSA-1799329;R-HSA-6786205;R-HSA-9010034;R-HSA-5690152
R-HSA-5607763,CLEC7A (Dectin-1) induces NFAT activation,1,18,0.001181723,0.065176955,0.167780905,4,6,4.19E-04,9606,Homo sapiens,Calm1,,R-HSA-2730872;R-HSA-74448;R-HSA-2730849;R-HSA-2730867
R-HSA-166187,Mitochondrial Uncoupling,1,18,0.001181723,0.065176955,0.167780905,4,9,6.29E-04,9606,Homo sapiens,Ucp2,,R-HSA-166387;R-HSA-166214;R-HSA-170026;R-HSA-166220
R-HSA-1483115,Hydrolysis of LPC,1,18,0.001181723,0.065176955,0.167780905,1,6,4.19E-04,9606,Homo sapiens,Pla2g15,,R-HSA-8952251
R-HSA-417957,P2Y receptors,1,18,0.001181723,0.065176955,0.167780905,1,13,9.09E-04,9606,Homo sapiens,Tapbp,,R-HSA-417825
R-HSA-2173791,TGF-beta receptor signaling in EMT (epithelial to mesenchymal transition),1,19,0.001247374,0.068672877,0.167780905,6,6,4.19E-04,9606,Homo sapiens,Tgfbr1,,R-HSA-2160931;R-HSA-2134532;R-HSA-2160932;R-HSA-2134519;R-HSA-2160935;R-HSA-2134506
R-HSA-111447,Activation of BAD and translocation to mitochondria ,1,19,0.001247374,0.068672877,0.167780905,2,5,3.49E-04,9606,Homo sapiens,Ywhag,,R-HSA-139906;R-HSA-139899
R-HSA-9755779,SARS-CoV-2 targets host intracellular signalling and regulatory pathways,1,19,0.001247374,0.068672877,0.167780905,1,5,3.49E-04,9606,Homo sapiens,Ywhag,,R-HSA-9729500
R-HSA-9735871,SARS-CoV-1 targets host intracellular signalling and regulatory pathways,1,19,0.001247374,0.068672877,0.167780905,1,7,4.89E-04,9606,Homo sapiens,Ywhag,,R-HSA-9727919
R-HSA-5576886,Phase 4 - resting membrane potential,1,20,0.001313025,0.072155955,0.167780905,1,2,1.40E-04,9606,Homo sapiens,Kcnk6,,R-HSA-5578910
R-HSA-168268,Virus Assembly and Release,1,20,0.001313025,0.072155955,0.167780905,1,21,0.001467813,9606,Homo sapiens,Canx,,R-HSA-169921
R-HSA-8878159,Transcriptional regulation by RUNX3,2,118,0.007746849,0.072412332,0.167780905,2,47,0.003285105,9606,Homo sapiens,Itgal,,R-HSA-8949343;R-HSA-8949335
R-HSA-597592,Post-translational protein modification,10,1607,0.105501576,0.073343685,0.167780905,17,538,0.03760397,9606,Homo sapiens,Rab35;Canx;Rab27a;Ube2g2;Derl1;Usp5;Tgfbr1;Calm1,,R-HSA-8943080;R-HSA-8870469;R-HSA-6781764;R-HSA-8943083;R-HSA-8850594;R-HSA-8870466;R-HSA-8852129;R-HSA-8853515;R-HSA-535717;R-HSA-548890;R-HSA-8852127;R-HSA-2179291;R-HSA-901047;R-HSA-6786205;R-HSA-8853529;R-HSA-5690152;R-HSA-8867288
R-HSA-8876725,Protein methylation,1,21,0.001378676,0.075626234,0.167780905,1,9,6.29E-04,9606,Homo sapiens,Calm1,,R-HSA-6786205
R-HSA-382556,ABC-family proteins mediated transport,2,124,0.008140756,0.078853284,0.167780905,3,27,0.001887188,9606,Homo sapiens,Derl1,,R-HSA-8866551;R-HSA-8866546;R-HSA-8866542
R-HSA-400511,"Synthesis, secretion, and inactivation of Glucose-dependent Insulinotropic Polypeptide (GIP)",1,22,0.001444328,0.07908376,0.167780905,1,7,4.89E-04,9606,Homo sapiens,Spcs3,,R-HSA-400496
R-HSA-5210891,Uptake and function of anthrax toxins,1,22,0.001444328,0.07908376,0.167780905,1,20,0.001397917,9606,Homo sapiens,Calm1,,R-HSA-5211224
R-HSA-5628897,TP53 Regulates Metabolic Genes,2,126,0.008272059,0.081039319,0.167780905,3,34,0.002376459,9606,Homo sapiens,Rptor;Ywhag,,R-HSA-380979;R-HSA-5632738;R-HSA-5632732
R-HSA-2262752,Cellular responses to stress,7,1008,0.066176471,0.081242177,0.167780905,57,455,0.031802614,9606,Homo sapiens,Rptor;Xbp1;Gpx3;Cybb,,R-HSA-1791131;R-HSA-1791130;R-HSA-1791128;R-HSA-8953356;R-HSA-1791134;R-HSA-1791133;R-HSA-1791123;R-HSA-1791122;R-HSA-1791121;R-HSA-1791124;R-HSA-9640195;R-HSA-1791114;R-HSA-1791112;R-HSA-381203;R-HSA-1791116;R-HSA-9646468;R-HSA-1791108;R-HSA-1791167;R-HSA-1791164;R-HSA-1791155;R-HSA-1791154;R-HSA-1791158;R-HSA-1791157;R-HSA-1791156;R-HSA-1791144;R-HSA-1791139;R-HSA-1791138;R-HSA-1791137;R-HSA-9645608;R-HSA-1791143;R-HSA-1791066;R-HSA-1791064;R-HSA-1791071;R-HSA-425923;R-HSA-1791069;R-HSA-1791058;R-HSA-1791186;R-HSA-1791057;R-HSA-1791184;R-HSA-1791060;R-HSA-1791177;R-HSA-1791054;R-HSA-1791169;R-HSA-1791172;R-HSA-6807557;R-HSA-1791096;R-HSA-1791102;R-HSA-3341397;R-HSA-5082405;R-HSA-1791088;R-HSA-1791092;R-HSA-8953336;R-HSA-1791083;R-HSA-1791084;R-HSA-1791075;R-HSA-1222376;R-HSA-1791076
R-HSA-9613829,Chaperone Mediated Autophagy,1,23,0.001509979,0.08252858,0.167780905,14,19,0.001328021,9606,Homo sapiens,Lamp2,,R-HSA-9626256;R-HSA-9626039;R-HSA-9626235;R-HSA-9622840;R-HSA-9624158;R-HSA-9626242;R-HSA-9626276;R-HSA-9625188;R-HSA-9620197;R-HSA-9622831;R-HSA-9626060;R-HSA-9625196;R-HSA-9626253;R-HSA-9625197
R-HSA-163615,PKA activation,1,23,0.001509979,0.08252858,0.167780905,1,4,2.80E-04,9606,Homo sapiens,Calm1,,R-HSA-111930
R-HSA-418038,Nucleotide-like (purinergic) receptors,1,23,0.001509979,0.08252858,0.167780905,1,15,0.001048438,9606,Homo sapiens,Tapbp,,R-HSA-417825
R-HSA-2980736,Peptide hormone metabolism,2,130,0.008534664,0.085467586,0.167780905,4,65,0.004543231,9606,Homo sapiens,Spcs3;Rab27a,,R-HSA-422051;R-HSA-400496;R-HSA-9023171;R-HSA-400459
R-HSA-8953897,Cellular responses to stimuli,7,1026,0.067358193,0.087361881,0.167780905,57,486,0.033969386,9606,Homo sapiens,Rptor;Xbp1;Gpx3;Cybb,,R-HSA-1791131;R-HSA-1791130;R-HSA-1791128;R-HSA-8953356;R-HSA-1791134;R-HSA-1791133;R-HSA-1791123;R-HSA-1791122;R-HSA-1791121;R-HSA-1791124;R-HSA-9640195;R-HSA-1791114;R-HSA-1791112;R-HSA-381203;R-HSA-1791116;R-HSA-9646468;R-HSA-1791108;R-HSA-1791167;R-HSA-1791164;R-HSA-1791155;R-HSA-1791154;R-HSA-1791158;R-HSA-1791157;R-HSA-1791156;R-HSA-1791144;R-HSA-1791139;R-HSA-1791138;R-HSA-1791137;R-HSA-9645608;R-HSA-1791143;R-HSA-1791066;R-HSA-1791064;R-HSA-1791071;R-HSA-425923;R-HSA-1791069;R-HSA-1791058;R-HSA-1791186;R-HSA-1791057;R-HSA-1791184;R-HSA-1791060;R-HSA-1791177;R-HSA-1791054;R-HSA-1791169;R-HSA-1791172;R-HSA-6807557;R-HSA-1791096;R-HSA-1791102;R-HSA-3341397;R-HSA-5082405;R-HSA-1791088;R-HSA-1791092;R-HSA-8953336;R-HSA-1791083;R-HSA-1791084;R-HSA-1791075;R-HSA-1222376;R-HSA-1791076
R-HSA-5653656,Vesicle-mediated transport,6,828,0.054359244,0.088418417,0.167780905,32,252,0.017613756,9606,Homo sapiens,Rab35;Rab27a;M6pr;Tbc1d14;Ywhag;Calm1,,R-HSA-8868230;R-HSA-432706;R-HSA-432707;R-HSA-8868236;R-HSA-1445149;R-HSA-432712;R-HSA-8854173;R-HSA-8871194;R-HSA-2316349;R-HSA-8871193;R-HSA-8854759;R-HSA-8868071;R-HSA-8866277;R-HSA-2316352;R-HSA-6814671;R-HSA-6814670;R-HSA-8877612;R-HSA-8867756;R-HSA-8868651;R-HSA-8867754;R-HSA-8868072;R-HSA-8868648;R-HSA-8868661;R-HSA-8868660;R-HSA-6814675;R-HSA-8868659;R-HSA-6814674;R-HSA-8868658;R-HSA-432688;R-HSA-1454689;R-HSA-8869438;R-HSA-8877308
R-HSA-70221,Glycogen breakdown (glycogenolysis),1,25,0.001641282,0.089380283,0.167780905,3,15,0.001048438,9606,Homo sapiens,Calm1,,R-HSA-71541;R-HSA-71588;R-HSA-453337
R-HSA-977347,Serine biosynthesis,1,25,0.001641282,0.089380283,0.167780905,1,7,4.89E-04,9606,Homo sapiens,Serinc3,,R-HSA-8932980
R-HSA-140875,Common Pathway of Fibrin Clot Formation,1,25,0.001641282,0.089380283,0.167780905,3,29,0.00202698,9606,Homo sapiens,Serpine2,,R-HSA-140599;R-HSA-5602080;R-HSA-140696
R-HSA-9006936,Signaling by TGFB family members,2,136,0.008928571,0.092244683,0.167780905,24,125,0.008736982,9606,Homo sapiens,Itgb5;Tgfbr1,,R-HSA-178178;R-HSA-170850;R-HSA-2128994;R-HSA-2160931;R-HSA-2160932;R-HSA-2134532;R-HSA-2160935;R-HSA-178218;R-HSA-173483;R-HSA-2134506;R-HSA-173512;R-HSA-2127562;R-HSA-178189;R-HSA-170835;R-HSA-170868;R-HSA-2134519;R-HSA-2169046;R-HSA-2396029;R-HSA-170843;R-HSA-2179291;R-HSA-2169050;R-HSA-2395320;R-HSA-170846;R-HSA-2179293
R-HSA-111931,PKA-mediated phosphorylation of CREB,1,26,0.001706933,0.092787258,0.167780905,1,7,4.89E-04,9606,Homo sapiens,Calm1,,R-HSA-111930
R-HSA-422085,"Synthesis, secretion, and deacylation of Ghrelin",1,26,0.001706933,0.092787258,0.167780905,1,8,5.59E-04,9606,Homo sapiens,Spcs3,,R-HSA-422051
R-HSA-140837,Intrinsic Pathway of Fibrin Clot Formation,1,26,0.001706933,0.092787258,0.167780905,2,24,0.001677501,9606,Homo sapiens,Serpine2,,R-HSA-158419;R-HSA-158137
R-HSA-9012999,RHO GTPase cycle,4,460,0.03019958,0.093405483,0.167780905,14,91,0.006360523,9606,Homo sapiens,Cybb;Nckap1l;Arap1;Arhgdia,,R-HSA-9013161;R-HSA-9012835;R-HSA-9018754;R-HSA-8981637;R-HSA-9013158;R-HSA-9013145;R-HSA-9014424;R-HSA-9018808;R-HSA-9013144;R-HSA-9014456;R-HSA-9013147;R-HSA-9014293;R-HSA-9013108;R-HSA-9014294
R-HSA-9617324,Negative regulation of NMDA receptor-mediated neuronal transmission,1,27,0.001772584,0.096181709,0.167780905,4,4,2.80E-04,9606,Homo sapiens,Calm1,,R-HSA-9619430;R-HSA-9619467;R-HSA-9619449;R-HSA-9617326
R-HSA-442982,Ras activation upon Ca2+ influx through NMDA receptor,1,27,0.001772584,0.096181709,0.167780905,2,2,1.40E-04,9606,Homo sapiens,Calm1,,R-HSA-442732;R-HSA-442760
R-HSA-438066,"Unblocking of NMDA receptors, glutamate binding and activation",1,27,0.001772584,0.096181709,0.167780905,1,5,3.49E-04,9606,Homo sapiens,Calm1,,R-HSA-438037
R-HSA-5627123,RHO GTPases activate PAKs,1,27,0.001772584,0.096181709,0.167780905,2,15,0.001048438,9606,Homo sapiens,Calm1,,R-HSA-445797;R-HSA-5668978
R-HSA-2173788,Downregulation of TGF-beta receptor signaling,1,28,0.001838235,0.099563681,0.167780905,11,28,0.001957084,9606,Homo sapiens,Tgfbr1,,R-HSA-178178;R-HSA-2128994;R-HSA-2169046;R-HSA-178218;R-HSA-173483;R-HSA-173512;R-HSA-2127562;R-HSA-2179291;R-HSA-2169050;R-HSA-2179293;R-HSA-178189
R-HSA-166208,mTORC1-mediated signalling,1,28,0.001838235,0.099563681,0.167780905,2,8,5.59E-04,9606,Homo sapiens,Rptor,,R-HSA-165718;R-HSA-165692
R-HSA-3000170,Syndecan interactions,1,29,0.001903887,0.10293322,0.167780905,2,15,0.001048438,9606,Homo sapiens,Itgb5,,R-HSA-2731081;R-HSA-2731074
R-HSA-5576891,Cardiac conduction,2,147,0.009650735,0.105058612,0.167780905,5,33,0.002306563,9606,Homo sapiens,Kcnk6;Calm1,,R-HSA-427910;R-HSA-2855020;R-HSA-5576895;R-HSA-5578910;R-HSA-425661
R-HSA-9620244,Long-term potentiation,1,31,0.002035189,0.109635175,0.167780905,6,7,4.89E-04,9606,Homo sapiens,Calm1,,R-HSA-445367;R-HSA-442725;R-HSA-9618785;R-HSA-9618811;R-HSA-9618750;R-HSA-9617583
R-HSA-5218921,VEGFR2 mediated cell proliferation,1,31,0.002035189,0.109635175,0.167780905,1,12,8.39E-04,9606,Homo sapiens,Calm1,,R-HSA-74448
R-HSA-264876,Insulin processing,1,32,0.00210084,0.112967681,0.167780905,1,17,0.00118823,9606,Homo sapiens,Rab27a,,R-HSA-9023171
R-HSA-8980692,RHOA GTPase cycle,2,154,0.010110294,0.113452643,0.167780905,2,6,4.19E-04,9606,Homo sapiens,Arap1;Arhgdia,,R-HSA-9012835;R-HSA-8981637
R-HSA-901032,ER Quality Control Compartment (ERQC),1,33,0.002166492,0.116287932,0.167780905,1,9,6.29E-04,9606,Homo sapiens,Derl1,,R-HSA-8867288
R-HSA-428157,Sphingolipid metabolism,2,158,0.010372899,0.118326017,0.167780905,4,65,0.004543231,9606,Homo sapiens,Sgpl1;Gm2a,,R-HSA-428676;R-HSA-1605595;R-HSA-1605717;R-HSA-428681
R-HSA-9013148,CDC42 GTPase cycle,2,159,0.01043855,0.119552671,0.167780905,2,6,4.19E-04,9606,Homo sapiens,Arap1;Arhgdia,,R-HSA-9013161;R-HSA-9013158
R-HSA-5576892,Phase 0 - rapid depolarisation,1,34,0.002232143,0.119595972,0.167780905,1,2,1.40E-04,9606,Homo sapiens,Calm1,,R-HSA-5576895
R-HSA-451326,Activation of kainate receptors upon glutamate binding,1,34,0.002232143,0.119595972,0.167780905,2,6,4.19E-04,9606,Homo sapiens,Calm1,,R-HSA-451283;R-HSA-451311
R-HSA-9619483,Activation of AMPK downstream of NMDARs,1,34,0.002232143,0.119595972,0.167780905,1,3,2.10E-04,9606,Homo sapiens,Calm1,,R-HSA-9619478
R-HSA-180024,DARPP-32 events,1,35,0.002297794,0.122891846,0.167780905,2,12,8.39E-04,9606,Homo sapiens,Calm1,,R-HSA-201783;R-HSA-201787
R-HSA-418360,Platelet calcium homeostasis,1,35,0.002297794,0.122891846,0.167780905,1,8,5.59E-04,9606,Homo sapiens,Calm1,,R-HSA-425661
R-HSA-5626467,RHO GTPases activate IQGAPs,1,36,0.002363445,0.126175597,0.167780905,2,5,3.49E-04,9606,Homo sapiens,Calm1,,R-HSA-5626549;R-HSA-5626507
R-HSA-380972,Energy dependent regulation of mTOR by LKB1-AMPK,1,36,0.002363445,0.126175597,0.167780905,2,7,4.89E-04,9606,Homo sapiens,Rptor,,R-HSA-447074;R-HSA-380979
R-HSA-114452,Activation of BH3-only proteins,1,36,0.002363445,0.126175597,0.167780905,2,19,0.001328021,9606,Homo sapiens,Ywhag,,R-HSA-139906;R-HSA-139899
R-HSA-9612973,Autophagy,2,166,0.010898109,0.128227828,0.167780905,19,108,0.007548752,9606,Homo sapiens,Rptor;Lamp2,,R-HSA-9626256;R-HSA-9626039;R-HSA-5672017;R-HSA-5672817;R-HSA-9626235;R-HSA-9622840;R-HSA-9624158;R-HSA-9626242;R-HSA-9626276;R-HSA-9625188;R-HSA-9620197;R-HSA-5675790;R-HSA-5672010;R-HSA-9622831;R-HSA-9626060;R-HSA-9625196;R-HSA-5673768;R-HSA-9626253;R-HSA-9625197
R-HSA-203615,eNOS activation,1,37,0.002429097,0.129447269,0.167780905,9,20,0.001397917,9606,Homo sapiens,Calm1,,R-HSA-1497796;R-HSA-202129;R-HSA-202144;R-HSA-1497810;R-HSA-202137;R-HSA-202111;R-HSA-202127;R-HSA-202110;R-HSA-1497784
R-HSA-2129379,Molecules associated with elastic fibres,1,37,0.002429097,0.129447269,0.167780905,2,10,6.99E-04,9606,Homo sapiens,Itgb5,,R-HSA-2396029;R-HSA-2395320
R-HSA-1474151,"Tetrahydrobiopterin (BH4) synthesis, recycling, salvage and regulation",1,37,0.002429097,0.129447269,0.167780905,2,16,0.001118334,9606,Homo sapiens,Calm1,,R-HSA-1497796;R-HSA-1497784
R-HSA-1852241,Organelle biogenesis and maintenance,3,337,0.022124475,0.13213875,0.167780905,9,86,0.006011044,9606,Homo sapiens,Sept2;Ywhag;Calm1,,R-HSA-5626228;R-HSA-5626227;R-HSA-111912;R-HSA-5626220;R-HSA-5626223;R-HSA-5626681;R-HSA-5617816;R-HSA-5626699;R-HSA-5638009
R-HSA-5668599,RHO GTPases Activate NADPH Oxidases,1,38,0.002494748,0.132706905,0.167780905,5,14,9.79E-04,9606,Homo sapiens,Cybb,,R-HSA-9626848;R-HSA-5668629;R-HSA-5218827;R-HSA-5218841;R-HSA-5668605
R-HSA-9013407,RHOH GTPase cycle,1,38,0.002494748,0.132706905,0.167780905,1,3,2.10E-04,9606,Homo sapiens,Arhgdia,,R-HSA-9018754
R-HSA-111465,Apoptotic cleavage of cellular proteins,1,38,0.002494748,0.132706905,0.167780905,1,38,0.002656042,9606,Homo sapiens,Dbnl,,R-HSA-202966
R-HSA-442742,CREB1 phosphorylation through NMDA receptor-mediated activation of RAS signaling,1,39,0.002560399,0.13595455,0.167780905,2,7,4.89E-04,9606,Homo sapiens,Calm1,,R-HSA-442732;R-HSA-442760
R-HSA-9022692,Regulation of MECP2 expression and activity,1,39,0.002560399,0.13595455,0.167780905,3,14,9.79E-04,9606,Homo sapiens,Calm1,,R-HSA-8986937;R-HSA-8986939;R-HSA-9006992
R-HSA-1855204,Synthesis of IP3 and IP4 in the cytosol,1,39,0.002560399,0.13595455,0.167780905,1,12,8.39E-04,9606,Homo sapiens,Calm1,,R-HSA-1855153
R-HSA-114508,Effects of PIP2 hydrolysis,1,40,0.00262605,0.139190246,0.167780905,1,9,6.29E-04,9606,Homo sapiens,Abhd12,,R-HSA-5694462
R-HSA-5663213,RHO GTPases Activate WASPs and WAVEs,1,41,0.002691702,0.142414037,0.167780905,6,10,6.99E-04,9606,Homo sapiens,Nckap1l,,R-HSA-2130194;R-HSA-2029469;R-HSA-2029466;R-HSA-442592;R-HSA-2029465;R-HSA-2197690
R-HSA-202131,Metabolism of nitric oxide: NOS3 activation and regulation,1,41,0.002691702,0.142414037,0.167780905,9,26,0.001817292,9606,Homo sapiens,Calm1,,R-HSA-1497796;R-HSA-202129;R-HSA-202144;R-HSA-1497810;R-HSA-202137;R-HSA-202111;R-HSA-202127;R-HSA-202110;R-HSA-1497784
R-HSA-5673000,RAF activation,1,41,0.002691702,0.142414037,0.167780905,1,12,8.39E-04,9606,Homo sapiens,Calm1,,R-HSA-5672969
R-HSA-8982491,Glycogen metabolism,1,41,0.002691702,0.142414037,0.167780905,3,37,0.002586147,9606,Homo sapiens,Calm1,,R-HSA-71541;R-HSA-71588;R-HSA-453337
R-HSA-3301854,Nuclear Pore Complex (NPC) Disassembly,1,42,0.002757353,0.145625966,0.167780905,1,2,1.40E-04,9606,Homo sapiens,Nek7,,R-HSA-2990880
R-HSA-111997,CaM pathway,1,43,0.002823004,0.148826075,0.167780905,14,24,0.001677501,9606,Homo sapiens,Calm1,,R-HSA-9618834;R-HSA-442725;R-HSA-9619125;R-HSA-111913;R-HSA-111912;R-HSA-111915;R-HSA-74448;R-HSA-111956;R-HSA-111930;R-HSA-442749;R-HSA-9617583;R-HSA-9618863;R-HSA-444792;R-HSA-111966
R-HSA-111933,Calmodulin induced events,1,43,0.002823004,0.148826075,0.167780905,13,23,0.001607605,9606,Homo sapiens,Calm1,,R-HSA-9618834;R-HSA-442725;R-HSA-9619125;R-HSA-111913;R-HSA-111912;R-HSA-111915;R-HSA-111956;R-HSA-111930;R-HSA-442749;R-HSA-9617583;R-HSA-9618863;R-HSA-444792;R-HSA-111966
R-HSA-432720,Lysosome Vesicle Biogenesis,1,43,0.002823004,0.148826075,0.167780905,4,8,5.59E-04,9606,Homo sapiens,M6pr,,R-HSA-432706;R-HSA-432707;R-HSA-432688;R-HSA-432712
R-HSA-140877,Formation of Fibrin Clot (Clotting Cascade),1,43,0.002823004,0.148826075,0.167780905,5,61,0.004263647,9606,Homo sapiens,Serpine2,,R-HSA-158419;R-HSA-140599;R-HSA-5602080;R-HSA-140696;R-HSA-158137
R-HSA-9694548,Maturation of spike protein,1,44,0.002888655,0.152014408,0.167780905,1,12,8.39E-04,9606,Homo sapiens,Canx,,R-HSA-9694337
R-HSA-1566948,Elastic fibre formation,1,45,0.002954307,0.155191006,0.167780905,2,17,0.00118823,9606,Homo sapiens,Itgb5,,R-HSA-2396029;R-HSA-2395320
R-HSA-5218920,VEGFR2 mediated vascular permeability,1,46,0.003019958,0.158355913,0.167780905,7,15,0.001048438,9606,Homo sapiens,Calm1,,R-HSA-202129;R-HSA-202144;R-HSA-202137;R-HSA-202111;R-HSA-202127;R-HSA-202110;R-HSA-1497784
R-HSA-9648002,RAS processing,1,46,0.003019958,0.158355913,0.167780905,5,21,0.001467813,9606,Homo sapiens,Calm1,,R-HSA-9653585;R-HSA-9654533;R-HSA-9654523;R-HSA-9654521;R-HSA-9654525
R-HSA-381771,"Synthesis, secretion, and inactivation of Glucagon-like Peptide-1 (GLP-1)",1,47,0.003085609,0.16150917,0.167780905,1,8,5.59E-04,9606,Homo sapiens,Spcs3,,R-HSA-400459
R-HSA-109581,Apoptosis,2,192,0.012605042,0.161622202,0.167780905,3,142,0.009925211,9606,Homo sapiens,Dbnl;Ywhag,,R-HSA-139906;R-HSA-202966;R-HSA-139899
R-HSA-9678108,SARS-CoV-1 Infection,2,194,0.012736345,0.16425578,0.167780905,2,159,0.011113441,9606,Homo sapiens,Canx;Ywhag,,R-HSA-9727919;R-HSA-9683772
R-HSA-111996,Ca-dependent events,1,48,0.003151261,0.16465082,0.167780905,14,27,0.001887188,9606,Homo sapiens,Calm1,,R-HSA-9618834;R-HSA-442725;R-HSA-9619125;R-HSA-111913;R-HSA-111912;R-HSA-111915;R-HSA-74448;R-HSA-111956;R-HSA-111930;R-HSA-442749;R-HSA-9617583;R-HSA-9618863;R-HSA-444792;R-HSA-111966
R-HSA-9656223,Signaling by RAF1 mutants,1,49,0.003216912,0.167780905,0.167780905,1,7,4.89E-04,9606,Homo sapiens,Calm1,,R-HSA-9656212
R-HSA-9683701,Translation of Structural Proteins,1,49,0.003216912,0.167780905,0.167780905,1,37,0.002586147,9606,Homo sapiens,Canx,,R-HSA-9683772
R-HSA-165159,MTOR signalling,1,50,0.003282563,0.170899466,0.170899466,10,29,0.00202698,9606,Homo sapiens,Rptor,,R-HSA-165680;R-HSA-165718;R-HSA-447074;R-HSA-5653968;R-HSA-380979;R-HSA-377186;R-HSA-5672828;R-HSA-5672843;R-HSA-165692;R-HSA-5672824
R-HSA-400508,"Incretin synthesis, secretion, and inactivation",1,51,0.003348214,0.174006545,0.174006545,2,15,0.001048438,9606,Homo sapiens,Spcs3,,R-HSA-400496;R-HSA-400459
R-HSA-1489509,DAG and IP3 signaling,1,53,0.003479517,0.180186424,0.180186424,14,28,0.001957084,9606,Homo sapiens,Calm1,,R-HSA-9618834;R-HSA-442725;R-HSA-9619125;R-HSA-111913;R-HSA-111912;R-HSA-111915;R-HSA-74448;R-HSA-111956;R-HSA-111930;R-HSA-442749;R-HSA-9617583;R-HSA-9618863;R-HSA-444792;R-HSA-111966
R-HSA-5689880,Ub-specific processing proteases,2,206,0.01352416,0.180214209,0.180214209,2,40,0.002795834,9606,Homo sapiens,Usp5;Tgfbr1,,R-HSA-6781764;R-HSA-5690152
R-HSA-72165,mRNA Splicing - Minor Pathway,1,54,0.003545168,0.183259306,0.183259306,5,5,3.49E-04,9606,Homo sapiens,Sf3b2,,R-HSA-75079;R-HSA-75081;R-HSA-75080;R-HSA-75083;R-HSA-75082
R-HSA-2514859,"Inactivation, recovery and regulation of the phototransduction cascade",1,54,0.003545168,0.183259306,0.183259306,3,19,0.001328021,9606,Homo sapiens,Calm1,,R-HSA-74448;R-HSA-6786205;R-HSA-3229181
R-HSA-6802946,Signaling by moderate kinase activity BRAF mutants,1,54,0.003545168,0.183259306,0.183259306,1,7,4.89E-04,9606,Homo sapiens,Calm1,,R-HSA-6802916
R-HSA-9649948,Signaling downstream of RAS mutants,1,54,0.003545168,0.183259306,0.183259306,1,7,4.89E-04,9606,Homo sapiens,Calm1,,R-HSA-6802924
R-HSA-6802955,Paradoxical activation of RAF signaling by kinase inactive BRAF,1,54,0.003545168,0.183259306,0.183259306,1,7,4.89E-04,9606,Homo sapiens,Calm1,,R-HSA-6802941
R-HSA-6802949,Signaling by RAS mutants,1,54,0.003545168,0.183259306,0.183259306,1,9,6.29E-04,9606,Homo sapiens,Calm1,,R-HSA-6802924
R-HSA-75153,Apoptotic execution phase,1,54,0.003545168,0.183259306,0.183259306,1,57,0.003984064,9606,Homo sapiens,Dbnl,,R-HSA-202966
R-HSA-5617833,Cilium Assembly,2,209,0.013721113,0.184241891,0.184241891,8,50,0.003494793,9606,Homo sapiens,Sept2;Ywhag,,R-HSA-5626228;R-HSA-5626227;R-HSA-5626220;R-HSA-5626223;R-HSA-5626681;R-HSA-5617816;R-HSA-5626699;R-HSA-5638009
R-HSA-6811440,Retrograde transport at the Trans-Golgi-Network,1,55,0.003610819,0.186320872,0.186320872,4,20,0.001397917,9606,Homo sapiens,M6pr,,R-HSA-6814675;R-HSA-6814674;R-HSA-6814671;R-HSA-6814670
R-HSA-68877,Mitotic Prometaphase,2,211,0.013852416,0.186934617,0.186934617,4,20,0.001397917,9606,Homo sapiens,Nek7;Ywhag,,R-HSA-9648017;R-HSA-380316;R-HSA-380508;R-HSA-9648089
R-HSA-3371571,HSF1-dependent transactivation,1,59,0.003873424,0.198454784,0.198454784,1,8,5.59E-04,9606,Homo sapiens,Rptor,,R-HSA-5082405
R-HSA-2514856,The phototransduction cascade,1,59,0.003873424,0.198454784,0.198454784,3,27,0.001887188,9606,Homo sapiens,Calm1,,R-HSA-74448;R-HSA-6786205;R-HSA-3229181
R-HSA-8866654,E3 ubiquitin ligases ubiquitinate target proteins,1,60,0.003939076,0.201460377,0.201460377,2,16,0.001118334,9606,Homo sapiens,Derl1,,R-HSA-8943080;R-HSA-8943083
R-HSA-6794361,Neurexins and neuroligins,1,60,0.003939076,0.201460377,0.201460377,1,19,0.001328021,9606,Homo sapiens,Dbnl,,R-HSA-6797554
R-HSA-5339562,Uptake and actions of bacterial toxins,1,60,0.003939076,0.201460377,0.201460377,1,66,0.004613126,9606,Homo sapiens,Calm1,,R-HSA-5211224
R-HSA-5362768,Hh mutants are degraded by ERAD,1,61,0.004004727,0.204454897,0.204454897,3,6,4.19E-04,9606,Homo sapiens,Derl1,,R-HSA-5483238;R-HSA-5387386;R-HSA-5387389
R-HSA-9639288,Amino acids regulate mTORC1,1,61,0.004004727,0.204454897,0.204454897,3,12,8.39E-04,9606,Homo sapiens,Rptor,,R-HSA-9640195;R-HSA-9646468;R-HSA-9645608
R-HSA-3000171,Non-integrin membrane-ECM interactions,1,61,0.004004727,0.204454897,0.204454897,2,22,0.001537709,9606,Homo sapiens,Itgb5,,R-HSA-2731081;R-HSA-2731074
R-HSA-72649,Translation initiation complex formation,1,62,0.004070378,0.207438384,0.207438384,2,2,1.40E-04,9606,Homo sapiens,Eif4h,,R-HSA-156808;R-HSA-157849
R-HSA-446203,Asparagine N-linked glycosylation,3,421,0.027639181,0.208753017,0.208753017,5,144,0.010065003,9606,Homo sapiens,Canx;Derl1,,R-HSA-548890;R-HSA-8850594;R-HSA-901047;R-HSA-535717;R-HSA-8867288
R-HSA-72702,Ribosomal scanning and start codon recognition,1,64,0.004201681,0.213372418,0.213372418,2,2,1.40E-04,9606,Homo sapiens,Eif4h,,R-HSA-72697;R-HSA-72621
R-HSA-5387390,Hh mutants abrogate ligand secretion,1,64,0.004201681,0.213372418,0.213372418,3,7,4.89E-04,9606,Homo sapiens,Derl1,,R-HSA-5483238;R-HSA-5387386;R-HSA-5387389
R-HSA-5578775,Ion homeostasis,1,64,0.004201681,0.213372418,0.213372418,3,17,0.00118823,9606,Homo sapiens,Calm1,,R-HSA-427910;R-HSA-2855020;R-HSA-425661
R-HSA-109606,Intrinsic Pathway for Apoptosis,1,64,0.004201681,0.213372418,0.213372418,2,63,0.004403439,9606,Homo sapiens,Ywhag,,R-HSA-139906;R-HSA-139899
R-HSA-2980766,Nuclear Envelope Breakdown,1,65,0.004267332,0.216323044,0.216323044,3,13,9.09E-04,9606,Homo sapiens,Nek7,,R-HSA-2990880;R-HSA-2980720;R-HSA-2984258
R-HSA-72662,"Activation of the mRNA upon binding of the cap-binding complex and eIFs, and subsequent binding to 43S",1,66,0.004332983,0.219262796,0.219262796,3,6,4.19E-04,9606,Homo sapiens,Eif4h,,R-HSA-72647;R-HSA-156808;R-HSA-157849
R-HSA-112043,PLC beta mediated events,1,67,0.004398634,0.222191714,0.222191714,14,32,0.002236667,9606,Homo sapiens,Calm1,,R-HSA-9618834;R-HSA-442725;R-HSA-9619125;R-HSA-111913;R-HSA-111912;R-HSA-111915;R-HSA-74448;R-HSA-111956;R-HSA-111930;R-HSA-442749;R-HSA-9617583;R-HSA-9618863;R-HSA-444792;R-HSA-111966
R-HSA-5357801,Programmed Cell Death,2,237,0.015559349,0.2223878,0.2223878,3,193,0.0134899,9606,Homo sapiens,Dbnl;Ywhag,,R-HSA-139906;R-HSA-202966;R-HSA-139899
R-HSA-8978934,Metabolism of cofactors,1,68,0.004464286,0.225109835,0.225109835,2,28,0.001957084,9606,Homo sapiens,Calm1,,R-HSA-1497796;R-HSA-1497784
R-HSA-8943724,Regulation of PTEN gene transcription,1,70,0.004595588,0.230913847,0.230913847,2,15,0.001048438,9606,Homo sapiens,Rptor,,R-HSA-8944457;R-HSA-8944454
R-HSA-380284,Loss of proteins required for interphase microtubule organization from the centrosome,1,71,0.004661239,0.233799816,0.233799816,3,3,2.10E-04,9606,Homo sapiens,Ywhag,,R-HSA-380294;R-HSA-380272;R-HSA-380303
R-HSA-380259,Loss of Nlp from mitotic centrosomes,1,71,0.004661239,0.233799816,0.233799816,2,2,1.40E-04,9606,Homo sapiens,Ywhag,,R-HSA-380272;R-HSA-380303
R-HSA-9006927,Signaling by Non-Receptor Tyrosine Kinases,1,71,0.004661239,0.233799816,0.233799816,2,53,0.00370448,9606,Homo sapiens,Arap1,,R-HSA-8848864;R-HSA-8848873
R-HSA-8848021,Signaling by PTK6,1,71,0.004661239,0.233799816,0.233799816,2,53,0.00370448,9606,Homo sapiens,Arap1,,R-HSA-8848864;R-HSA-8848873
R-HSA-5358346,Hedgehog ligand biogenesis,1,72,0.004726891,0.236675144,0.236675144,3,15,0.001048438,9606,Homo sapiens,Derl1,,R-HSA-5362441;R-HSA-5362459;R-HSA-5362412
R-HSA-936837,Ion transport by P-type ATPases,1,72,0.004726891,0.236675144,0.236675144,1,17,0.00118823,9606,Homo sapiens,Calm1,,R-HSA-427910
R-HSA-198933,Immunoregulatory interactions between a Lymphoid and a non-Lymphoid cell,2,249,0.016347164,0.2389515,0.2389515,2,44,0.003075418,9606,Homo sapiens,Itgal;Cd33,,R-HSA-5685607;R-HSA-199050
R-HSA-112040,G-protein mediated events,1,73,0.004792542,0.23953987,0.23953987,14,41,0.00286573,9606,Homo sapiens,Calm1,,R-HSA-9618834;R-HSA-442725;R-HSA-9619125;R-HSA-111913;R-HSA-111912;R-HSA-111915;R-HSA-74448;R-HSA-111956;R-HSA-111930;R-HSA-442749;R-HSA-9617583;R-HSA-9618863;R-HSA-444792;R-HSA-111966
R-HSA-6802952,Signaling by BRAF and RAF1 fusions,1,73,0.004792542,0.23953987,0.23953987,1,5,3.49E-04,9606,Homo sapiens,Calm1,,R-HSA-6802927
R-HSA-8854518,AURKA Activation by TPX2,1,74,0.004858193,0.242394033,0.242394033,2,2,1.40E-04,9606,Homo sapiens,Ywhag,,R-HSA-8853405;R-HSA-8853419
R-HSA-202733,Cell surface interactions at the vascular wall,2,257,0.016872374,0.250034701,0.250034701,2,65,0.004543231,9606,Homo sapiens,Cd84;Itgal,,R-HSA-202713;R-HSA-202718
R-HSA-9013408,RHOG GTPase cycle,1,78,0.005120798,0.253705817,0.253705817,1,6,4.19E-04,9606,Homo sapiens,Arhgdia,,R-HSA-9014456
R-HSA-9013106,RHOC GTPase cycle,1,79,0.00518645,0.256507735,0.256507735,1,6,4.19E-04,9606,Homo sapiens,Arhgdia,,R-HSA-9013108
R-HSA-5625740,RHO GTPases activate PKNs,1,79,0.00518645,0.256507735,0.256507735,1,20,0.001397917,9606,Homo sapiens,Ywhag,,R-HSA-75016
R-HSA-3000178,ECM proteoglycans,1,79,0.00518645,0.256507735,0.256507735,1,23,0.001607605,9606,Homo sapiens,Itgb5,,R-HSA-2426471
R-HSA-199992,trans-Golgi Network Vesicle Budding,1,80,0.005252101,0.259299317,0.259299317,4,19,0.001328021,9606,Homo sapiens,M6pr,,R-HSA-432706;R-HSA-432707;R-HSA-432688;R-HSA-432712
R-HSA-69473,G2/M DNA damage checkpoint,1,80,0.005252101,0.259299317,0.259299317,1,12,8.39E-04,9606,Homo sapiens,Ywhag,,R-HSA-75016
R-HSA-1660661,Sphingolipid de novo biosynthesis,1,80,0.005252101,0.259299317,0.259299317,2,33,0.002306563,9606,Homo sapiens,Sgpl1,,R-HSA-428676;R-HSA-428681
R-HSA-380270,Recruitment of mitotic centrosome proteins and complexes,1,81,0.005317752,0.262080601,0.262080601,3,3,2.10E-04,9606,Homo sapiens,Ywhag,,R-HSA-380311;R-HSA-380455;R-HSA-380283
R-HSA-4086398,Ca2+ pathway,1,81,0.005317752,0.262080601,0.262080601,6,27,0.001887188,9606,Homo sapiens,Calm1,,R-HSA-2730872;R-HSA-4332358;R-HSA-4332359;R-HSA-4332363;R-HSA-4551465;R-HSA-4551451
R-HSA-9694635,Translation of Structural Proteins,1,81,0.005317752,0.262080601,0.262080601,1,46,0.003215209,9606,Homo sapiens,Canx,,R-HSA-9694337
R-HSA-1222556,ROS and RNS production in phagocytes,1,82,0.005383403,0.264851623,0.264851623,1,45,0.003145313,9606,Homo sapiens,Cybb,,R-HSA-6789092
R-HSA-380287,Centrosome maturation,1,83,0.005449055,0.267612423,0.267612423,6,6,4.19E-04,9606,Homo sapiens,Ywhag,,R-HSA-380311;R-HSA-380455;R-HSA-380294;R-HSA-380272;R-HSA-380303;R-HSA-380283
R-HSA-9711123,Cellular response to chemical stress,2,274,0.017988445,0.273637829,0.273637829,3,134,0.009366045,9606,Homo sapiens,Gpx3;Cybb,,R-HSA-6807557;R-HSA-3341397;R-HSA-1222376
R-HSA-1660662,Glycosphingolipid metabolism,1,86,0.005646008,0.275833847,0.275833847,2,32,0.002236667,9606,Homo sapiens,Gm2a,,R-HSA-1605595;R-HSA-1605717
R-HSA-112316,Neuronal System,3,490,0.032169118,0.277639865,0.277639865,33,221,0.015446984,9606,Homo sapiens,Dbnl;Kcnk6;Calm1,,R-HSA-9618834;R-HSA-9619478;R-HSA-9619355;R-HSA-442760;R-HSA-438037;R-HSA-6797554;R-HSA-9619783;R-HSA-451283;R-HSA-9619467;R-HSA-9619214;R-HSA-442715;R-HSA-9619376;R-HSA-442725;R-HSA-9619125;R-HSA-111913;R-HSA-9618811;R-HSA-451311;R-HSA-111912;R-HSA-442732;R-HSA-111915;R-HSA-9619449;R-HSA-9618750;R-HSA-9617535;R-HSA-445367;R-HSA-9618785;R-HSA-9619430;R-HSA-9619367;R-HSA-1299304;R-HSA-442749;R-HSA-9617326;R-HSA-9617583;R-HSA-9618863;R-HSA-444792
R-HSA-2151201,Transcriptional activation of mitochondrial biogenesis,1,88,0.005777311,0.281264353,0.281264353,1,32,0.002236667,9606,Homo sapiens,Calm1,,R-HSA-111912
R-HSA-5619115,Disorders of transmembrane transporters,2,280,0.018382353,0.281970671,0.281970671,3,88,0.006150835,9606,Homo sapiens,Derl1,,R-HSA-8866854;R-HSA-8866857;R-HSA-8866856
R-HSA-977225,Amyloid fiber formation,1,89,0.005842962,0.283964582,0.283964582,3,33,0.002306563,9606,Homo sapiens,Tspan14,,R-HSA-9010074;R-HSA-9010113;R-HSA-9010034
R-HSA-5663202,Diseases of signal transduction by growth factor receptors and second messengers,3,498,0.032694328,0.285814467,0.285814467,12,478,0.033410219,9606,Homo sapiens,Derl1;Tgfbr1;Calm1,,R-HSA-3645780;R-HSA-6802916;R-HSA-5483238;R-HSA-9656212;R-HSA-5387386;R-HSA-6802927;R-HSA-3304394;R-HSA-3656382;R-HSA-6802941;R-HSA-6802924;R-HSA-3656523;R-HSA-5387389
R-HSA-1483249,Inositol phosphate metabolism,1,90,0.005908613,0.286654845,0.286654845,1,71,0.004962606,9606,Homo sapiens,Calm1,,R-HSA-1855153
R-HSA-416476,G alpha (q) signalling events,2,285,0.018710609,0.288910794,0.288910794,4,35,0.002446355,9606,Homo sapiens,Tapbp;Abhd12,,R-HSA-749448;R-HSA-749452;R-HSA-5694462;R-HSA-379048
R-HSA-1168372,Downstream signaling events of B Cell Receptor (BCR),1,91,0.005974265,0.289335176,0.289335176,2,15,0.001048438,9606,Homo sapiens,Calm1,,R-HSA-2025882;R-HSA-2025890
R-HSA-2565942,Regulation of PLK1 Activity at G2/M Transition,1,92,0.006039916,0.292005612,0.292005612,4,12,8.39E-04,9606,Homo sapiens,Ywhag,,R-HSA-3000319;R-HSA-2574845;R-HSA-3000310;R-HSA-2574840
R-HSA-5688426,Deubiquitination,2,289,0.018973214,0.294458734,0.294458734,3,77,0.005381981,9606,Homo sapiens,Usp5;Tgfbr1,,R-HSA-6781764;R-HSA-2179291;R-HSA-5690152
R-HSA-6802957,Oncogenic MAPK signaling,1,93,0.006105567,0.294666189,0.294666189,5,46,0.003215209,9606,Homo sapiens,Calm1,,R-HSA-6802916;R-HSA-9656212;R-HSA-6802927;R-HSA-6802941;R-HSA-6802924
R-HSA-6794362,Protein-protein interactions at synapses,1,93,0.006105567,0.294666189,0.294666189,1,33,0.002306563,9606,Homo sapiens,Dbnl,,R-HSA-6797554
R-HSA-381038,XBP1(S) activates chaperone genes,1,95,0.00623687,0.299957909,0.299957909,47,47,0.003285105,9606,Homo sapiens,Xbp1,,R-HSA-1791131;R-HSA-1791130;R-HSA-1791066;R-HSA-1791064;R-HSA-1791128;R-HSA-8953356;R-HSA-1791071;R-HSA-1791134;R-HSA-1791069;R-HSA-1791133;R-HSA-1791123;R-HSA-1791058;R-HSA-1791122;R-HSA-1791186;R-HSA-1791057;R-HSA-1791184;R-HSA-1791124;R-HSA-1791060;R-HSA-1791114;R-HSA-1791177;R-HSA-1791112;R-HSA-1791054;R-HSA-1791116;R-HSA-1791169;R-HSA-1791108;R-HSA-1791172;R-HSA-1791096;R-HSA-1791167;R-HSA-1791102;R-HSA-1791164;R-HSA-1791155;R-HSA-1791154;R-HSA-1791088;R-HSA-1791158;R-HSA-1791157;R-HSA-1791092;R-HSA-1791156;R-HSA-8953336;R-HSA-1791083;R-HSA-1791144;R-HSA-1791084;R-HSA-1791075;R-HSA-1791139;R-HSA-1791138;R-HSA-1791137;R-HSA-1791143;R-HSA-1791076
R-HSA-438064,Post NMDA receptor activation events,1,96,0.006302521,0.302589122,0.302589122,24,39,0.002725938,9606,Homo sapiens,Calm1,,R-HSA-9618834;R-HSA-9619376;R-HSA-442725;R-HSA-9619478;R-HSA-9619125;R-HSA-111913;R-HSA-9619355;R-HSA-9618811;R-HSA-111912;R-HSA-442732;R-HSA-111915;R-HSA-9618750;R-HSA-9617535;R-HSA-442760;R-HSA-445367;R-HSA-9618785;R-HSA-9619783;R-HSA-9619367;R-HSA-442749;R-HSA-9619214;R-HSA-442715;R-HSA-9617583;R-HSA-9618863;R-HSA-444792
R-HSA-447115,Interleukin-12 family signaling,1,96,0.006302521,0.302589122,0.302589122,5,114,0.007968127,9606,Homo sapiens,Canx,,R-HSA-8950362;R-HSA-8950398;R-HSA-8950387;R-HSA-8950740;R-HSA-8950342
R-HSA-380320,Recruitment of NuMA to mitotic centrosomes,1,97,0.006368172,0.305210619,0.305210619,2,2,1.40E-04,9606,Homo sapiens,Ywhag,,R-HSA-380316;R-HSA-380508
R-HSA-5689603,UCH proteinases,1,98,0.006433824,0.307822433,0.307822433,1,11,7.69E-04,9606,Homo sapiens,Tgfbr1,,R-HSA-2179291
R-HSA-9772573,Late SARS-CoV-2 Infection Events,1,98,0.006433824,0.307822433,0.307822433,1,69,0.004822814,9606,Homo sapiens,Canx,,R-HSA-9694337
R-HSA-9824443,Parasitic Infection Pathways,2,302,0.019826681,0.312450322,0.312450322,8,95,0.006640106,9606,Homo sapiens,Nckap1l;Calm1,,R-HSA-74448;R-HSA-2130194;R-HSA-2029469;R-HSA-2029466;R-HSA-442592;R-HSA-2029465;R-HSA-111930;R-HSA-2197690
R-HSA-9658195,Leishmania infection,2,302,0.019826681,0.312450322,0.312450322,8,95,0.006640106,9606,Homo sapiens,Nckap1l;Calm1,,R-HSA-74448;R-HSA-2130194;R-HSA-2029469;R-HSA-2029466;R-HSA-442592;R-HSA-2029465;R-HSA-111930;R-HSA-2197690
R-HSA-8986944,Transcriptional Regulation by MECP2,1,100,0.006565126,0.313017158,0.313017158,3,77,0.005381981,9606,Homo sapiens,Calm1,,R-HSA-8986937;R-HSA-8986939;R-HSA-9006992
R-HSA-983695,Antigen activates B Cell Receptor (BCR) leading to generation of second messengers,1,103,0.00676208,0.320737507,0.320737507,1,26,0.001817292,9606,Homo sapiens,Calm1,,R-HSA-74448
R-HSA-1296071,Potassium Channels,1,107,0.007024685,0.330898844,0.330898844,1,20,0.001397917,9606,Homo sapiens,Kcnk6,,R-HSA-1299304
R-HSA-193704,p75 NTR receptor-mediated signalling,1,110,0.007221639,0.338421698,0.338421698,4,50,0.003494793,9606,Homo sapiens,Arhgdia,,R-HSA-9012761;R-HSA-193696;R-HSA-193668;R-HSA-193646
R-HSA-9614085,FOXO-mediated transcription,1,110,0.007221639,0.338421698,0.338421698,1,85,0.005941148,9606,Homo sapiens,Ywhag,,R-HSA-9614423
R-HSA-9009391,Extra-nuclear estrogen signaling,1,111,0.00728729,0.340910802,0.340910802,1,39,0.002725938,9606,Homo sapiens,Calm1,,R-HSA-202127
R-HSA-442755,Activation of NMDA receptors and postsynaptic events,1,113,0.007418592,0.345861438,0.345861438,29,71,0.004962606,9606,Homo sapiens,Calm1,,R-HSA-9618834;R-HSA-9619478;R-HSA-9619355;R-HSA-442760;R-HSA-438037;R-HSA-9619783;R-HSA-9619467;R-HSA-9619214;R-HSA-442715;R-HSA-9619376;R-HSA-442725;R-HSA-9619125;R-HSA-111913;R-HSA-9618811;R-HSA-111912;R-HSA-442732;R-HSA-111915;R-HSA-9619449;R-HSA-9618750;R-HSA-9617535;R-HSA-445367;R-HSA-9618785;R-HSA-9619430;R-HSA-9619367;R-HSA-442749;R-HSA-9617326;R-HSA-9617583;R-HSA-9618863;R-HSA-444792
R-HSA-111885,Opioid Signalling,1,113,0.007418592,0.345861438,0.345861438,16,59,0.004123855,9606,Homo sapiens,Calm1,,R-HSA-9618834;R-HSA-442725;R-HSA-9619125;R-HSA-111913;R-HSA-111912;R-HSA-111915;R-HSA-74448;R-HSA-201783;R-HSA-111956;R-HSA-201787;R-HSA-111930;R-HSA-442749;R-HSA-9617583;R-HSA-9618863;R-HSA-444792;R-HSA-111966
R-HSA-1474244,Extracellular matrix organization,2,328,0.021533613,0.348141469,0.348141469,11,319,0.022296778,9606,Homo sapiens,Itgb5;Itgal,,R-HSA-2731081;R-HSA-4085087;R-HSA-2426471;R-HSA-2752125;R-HSA-4088264;R-HSA-2396029;R-HSA-199050;R-HSA-2731074;R-HSA-2395320;R-HSA-202718;R-HSA-216076
R-HSA-8856825,Cargo recognition for clathrin-mediated endocytosis,1,115,0.007549895,0.350775537,0.350775537,1,15,0.001048438,9606,Homo sapiens,M6pr,,R-HSA-8866277
R-HSA-418346,Platelet homeostasis,1,118,0.007746849,0.358078754,0.358078754,1,31,0.002166772,9606,Homo sapiens,Calm1,,R-HSA-425661
R-HSA-9692914,SARS-CoV-1-host interactions,1,118,0.007746849,0.358078754,0.358078754,1,48,0.003355001,9606,Homo sapiens,Ywhag,,R-HSA-9727919
R-HSA-1799339,SRP-dependent cotranslational protein targeting to membrane,1,119,0.0078125,0.360495176,0.360495176,1,5,3.49E-04,9606,Homo sapiens,Spcs3,,R-HSA-1799329
R-HSA-72706,GTP hydrolysis and joining of the 60S ribosomal subunit,1,120,0.007878151,0.362902662,0.362902662,1,3,2.10E-04,9606,Homo sapiens,Eif4h,,R-HSA-72619
R-HSA-156827,L13a-mediated translational silencing of Ceruloplasmin expression,1,120,0.007878151,0.362902662,0.362902662,1,3,2.10E-04,9606,Homo sapiens,Eif4h,,R-HSA-156823
R-HSA-5607764,CLEC7A (Dectin-1) signaling,1,120,0.007878151,0.362902662,0.362902662,4,45,0.003145313,9606,Homo sapiens,Calm1,,R-HSA-2730872;R-HSA-74448;R-HSA-2730849;R-HSA-2730867
R-HSA-2672351,Stimuli-sensing channels,1,120,0.007878151,0.362902662,0.362902662,1,33,0.002306563,9606,Homo sapiens,Calm1,,R-HSA-2855020
R-HSA-72766,Translation,2,339,0.022255777,0.363077223,0.363077223,8,99,0.00691969,9606,Homo sapiens,Spcs3;Eif4h,,R-HSA-156823;R-HSA-72647;R-HSA-72697;R-HSA-1799329;R-HSA-72619;R-HSA-156808;R-HSA-157849;R-HSA-72621
R-HSA-9648025,EML4 and NUDC in mitotic spindle formation,1,121,0.007943803,0.365301242,0.365301242,2,5,3.49E-04,9606,Homo sapiens,Nek7,,R-HSA-9648017;R-HSA-9648089
R-HSA-1592230,Mitochondrial biogenesis,1,128,0.008403361,0.381844672,0.381844672,1,36,0.002516251,9606,Homo sapiens,Calm1,,R-HSA-111912
R-HSA-2871809,FCERI mediated Ca+2 mobilization,1,129,0.008469013,0.384173168,0.384173168,4,11,7.69E-04,9606,Homo sapiens,Calm1,,R-HSA-2730872;R-HSA-74448;R-HSA-2730849;R-HSA-2730867
R-HSA-72613,Eukaryotic Translation Initiation,1,130,0.008534664,0.386493047,0.386493047,7,21,0.001467813,9606,Homo sapiens,Eif4h,,R-HSA-156823;R-HSA-72647;R-HSA-72697;R-HSA-72619;R-HSA-156808;R-HSA-157849;R-HSA-72621
R-HSA-72737,Cap-dependent Translation Initiation,1,130,0.008534664,0.386493047,0.386493047,6,18,0.001258125,9606,Homo sapiens,Eif4h,,R-HSA-72647;R-HSA-72697;R-HSA-72619;R-HSA-156808;R-HSA-157849;R-HSA-72621
R-HSA-68875,Mitotic Prophase,1,134,0.008797269,0.39568701,0.39568701,3,34,0.002376459,9606,Homo sapiens,Nek7,,R-HSA-2990880;R-HSA-2980720;R-HSA-2984258
R-HSA-9694516,SARS-CoV-2 Infection,2,365,0.02396271,0.397871048,0.397871048,2,210,0.01467813,9606,Homo sapiens,Canx;Ywhag,,R-HSA-9694337;R-HSA-9729500
R-HSA-3371556,Cellular response to heat stress,1,135,0.00886292,0.397964268,0.397964268,1,29,0.00202698,9606,Homo sapiens,Rptor,,R-HSA-5082405
R-HSA-2132295,MHC class II antigen presentation,1,137,0.008994223,0.402493519,0.402493519,3,26,0.001817292,9606,Homo sapiens,Canx,,R-HSA-8951500;R-HSA-2213241;R-HSA-2130478
R-HSA-9006925,Intracellular signaling by second messengers,2,369,0.024225315,0.403151999,0.403151999,16,116,0.008107919,9606,Homo sapiens,Rptor;Calm1,,R-HSA-9618834;R-HSA-8944457;R-HSA-442725;R-HSA-9619125;R-HSA-111913;R-HSA-111912;R-HSA-111915;R-HSA-8944454;R-HSA-74448;R-HSA-111956;R-HSA-111930;R-HSA-442749;R-HSA-9617583;R-HSA-9618863;R-HSA-444792;R-HSA-111966
R-HSA-9664323,FCGR3A-mediated IL10 synthesis,1,141,0.009256828,0.411451822,0.411451822,2,20,0.001397917,9606,Homo sapiens,Calm1,,R-HSA-74448;R-HSA-111930
R-HSA-9006934,Signaling by Receptor Tyrosine Kinases,3,623,0.040900735,0.414066517,0.414066517,11,746,0.052142308,9606,Homo sapiens,Cybb;Nckap1l;Calm1,,R-HSA-74448;R-HSA-202129;R-HSA-202144;R-HSA-5218827;R-HSA-5218841;R-HSA-2029465;R-HSA-202137;R-HSA-202111;R-HSA-202127;R-HSA-202110;R-HSA-1497784
R-HSA-1632852,Macroautophagy,1,150,0.009847689,0.431128327,0.431128327,5,87,0.006080939,9606,Homo sapiens,Rptor,,R-HSA-5672017;R-HSA-5672817;R-HSA-5675790;R-HSA-5672010;R-HSA-5673768
R-HSA-163200,"Respiratory electron transport, ATP synthesis by chemiosmotic coupling, and heat production by uncoupling proteins.",1,153,0.010044643,0.437542413,0.437542413,4,31,0.002166772,9606,Homo sapiens,Ucp2,,R-HSA-166387;R-HSA-166214;R-HSA-170026;R-HSA-166220
R-HSA-69481,G2/M Checkpoints,1,153,0.010044643,0.437542413,0.437542413,1,24,0.001677501,9606,Homo sapiens,Ywhag,,R-HSA-75016
R-HSA-9664417,Leishmania phagocytosis,1,157,0.010307248,0.445984115,0.445984115,6,27,0.001887188,9606,Homo sapiens,Nckap1l,,R-HSA-2130194;R-HSA-2029469;R-HSA-2029466;R-HSA-442592;R-HSA-2029465;R-HSA-2197690
R-HSA-9664407,Parasite infection,1,157,0.010307248,0.445984115,0.445984115,6,27,0.001887188,9606,Homo sapiens,Nckap1l,,R-HSA-2130194;R-HSA-2029469;R-HSA-2029466;R-HSA-442592;R-HSA-2029465;R-HSA-2197690
R-HSA-9664422,FCGR3A-mediated phagocytosis,1,157,0.010307248,0.445984115,0.445984115,6,27,0.001887188,9606,Homo sapiens,Nckap1l,,R-HSA-2130194;R-HSA-2029469;R-HSA-2029466;R-HSA-442592;R-HSA-2029465;R-HSA-2197690
R-HSA-2029482,Regulation of actin dynamics for phagocytic cup formation,1,158,0.010372899,0.448075016,0.448075016,6,24,0.001677501,9606,Homo sapiens,Nckap1l,,R-HSA-2130194;R-HSA-2029469;R-HSA-2029466;R-HSA-442592;R-HSA-2029465;R-HSA-2197690
R-HSA-8856828,Clathrin-mediated endocytosis,1,161,0.010569853,0.45430131,0.45430131,16,35,0.002446355,9606,Homo sapiens,M6pr,,R-HSA-8868071;R-HSA-8868230;R-HSA-8866277;R-HSA-8867756;R-HSA-8868236;R-HSA-8868651;R-HSA-8867754;R-HSA-8868072;R-HSA-8868648;R-HSA-8868661;R-HSA-8868660;R-HSA-8868659;R-HSA-8868658;R-HSA-8869438;R-HSA-8871194;R-HSA-8871193
R-HSA-68886,M Phase,2,415,0.027245273,0.462256185,0.462256185,7,91,0.006360523,9606,Homo sapiens,Nek7;Ywhag,,R-HSA-9648017;R-HSA-380316;R-HSA-380508;R-HSA-9648089;R-HSA-2990880;R-HSA-2980720;R-HSA-2984258
R-HSA-162582,Signal Transduction,12,3028,0.198792017,0.464334231,0.464334231,119,2536,0.177255889,9606,Homo sapiens,Rptor;Itgb5;Cybb;Nckap1l;Arap1;Derl1;Arhgdia;Tgfbr1;Tapbp;Ywhag;Abhd12;Calm1,,R-HSA-178178;R-HSA-9618834;R-HSA-2160931;R-HSA-2160932;R-HSA-4332358;R-HSA-4332359;R-HSA-2160935;R-HSA-4332363;R-HSA-75016;R-HSA-9018754;R-HSA-8981637;R-HSA-178189;R-HSA-9013145;R-HSA-9014424;R-HSA-9013144;R-HSA-9013147;R-HSA-9013161;R-HSA-2134532;R-HSA-5668978;R-HSA-417825;R-HSA-9619125;R-HSA-178218;R-HSA-111913;R-HSA-111912;R-HSA-111915;R-HSA-5672828;R-HSA-5672824;R-HSA-9013158;R-HSA-9018808;R-HSA-9014456;R-HSA-2130194;R-HSA-165680;R-HSA-201783;R-HSA-380979;R-HSA-201787;R-HSA-111930;R-HSA-9617583;R-HSA-9618863;R-HSA-165692;R-HSA-2128994;R-HSA-5668629;R-HSA-5218827;R-HSA-5362459;R-HSA-170835;R-HSA-2730872;R-HSA-5672965;R-HSA-165718;R-HSA-111956;R-HSA-5218841;R-HSA-5362441;R-HSA-2396029;R-HSA-170843;R-HSA-170846;R-HSA-4551451;R-HSA-111966;R-HSA-5672969;R-HSA-170850;R-HSA-445797;R-HSA-442725;R-HSA-447074;R-HSA-8848864;R-HSA-377186;R-HSA-9654523;R-HSA-9654521;R-HSA-4551465;R-HSA-193646;R-HSA-9654525;R-HSA-8848873;R-HSA-9626848;R-HSA-170868;R-HSA-442749;R-HSA-202111;R-HSA-202110;R-HSA-444792;R-HSA-749448;R-HSA-2029469;R-HSA-2029466;R-HSA-5653968;R-HSA-193668;R-HSA-749452;R-HSA-2029465;R-HSA-202127;R-HSA-9012761;R-HSA-202129;R-HSA-9654533;R-HSA-202137;R-HSA-2197690;R-HSA-2395320;R-HSA-9014293;R-HSA-9014294;R-HSA-379044;R-HSA-193696;R-HSA-202144;R-HSA-5694462;R-HSA-173483;R-HSA-5668605;R-HSA-379048;R-HSA-1497784;R-HSA-744887;R-HSA-744886;R-HSA-5362412;R-HSA-8944457;R-HSA-9653585;R-HSA-2134506;R-HSA-173512;R-HSA-8944454;R-HSA-74448;R-HSA-2134519;R-HSA-5672843;R-HSA-5626507;R-HSA-5626549;R-HSA-442592;R-HSA-2127562;R-HSA-9012835;R-HSA-2169046;R-HSA-2179291;R-HSA-2169050;R-HSA-2179293;R-HSA-9013108
R-HSA-3858494,Beta-catenin independent WNT signaling,1,166,0.010898109,0.464525459,0.464525459,6,51,0.003564689,9606,Homo sapiens,Calm1,,R-HSA-2730872;R-HSA-4332358;R-HSA-4332359;R-HSA-4332363;R-HSA-4551465;R-HSA-4551451
R-HSA-425393,Transport of inorganic cations/anions and amino acids/oligopeptides,1,167,0.010963761,0.466547588,0.466547588,1,76,0.005312085,9606,Homo sapiens,Calm1,,R-HSA-425661
R-HSA-5358351,Signaling by Hedgehog,1,168,0.011029412,0.468562214,0.468562214,3,82,0.00573146,9606,Homo sapiens,Derl1,,R-HSA-5362441;R-HSA-5362459;R-HSA-5362412
R-HSA-2187338,Visual phototransduction,1,169,0.011095063,0.470569365,0.470569365,3,92,0.006430419,9606,Homo sapiens,Calm1,,R-HSA-74448;R-HSA-6786205;R-HSA-3229181
R-HSA-6807070,PTEN Regulation,1,171,0.011226366,0.474561349,0.474561349,2,56,0.003914168,9606,Homo sapiens,Rptor,,R-HSA-8944457;R-HSA-8944454
R-HSA-73887,Death Receptor Signaling,1,172,0.011292017,0.476546236,0.476546236,4,119,0.008317607,9606,Homo sapiens,Arhgdia,,R-HSA-9012761;R-HSA-193696;R-HSA-193668;R-HSA-193646
R-HSA-9711097,Cellular response to starvation,1,176,0.011554622,0.484412384,0.484412384,3,28,0.001957084,9606,Homo sapiens,Rptor,,R-HSA-9640195;R-HSA-9646468;R-HSA-9645608
R-HSA-983705,Signaling by the B Cell Receptor (BCR),1,189,0.012408088,0.509183793,0.509183793,3,45,0.003145313,9606,Homo sapiens,Calm1,,R-HSA-74448;R-HSA-2025882;R-HSA-2025890
R-HSA-418555,G alpha (s) signalling events,1,190,0.012473739,0.511040106,0.511040106,3,28,0.001957084,9606,Homo sapiens,Tapbp,,R-HSA-379044;R-HSA-744887;R-HSA-744886
R-HSA-2029480,Fcgamma receptor (FCGR) dependent phagocytosis,1,193,0.012670693,0.516567757,0.516567757,6,42,0.002935626,9606,Homo sapiens,Nckap1l,,R-HSA-2130194;R-HSA-2029469;R-HSA-2029466;R-HSA-442592;R-HSA-2029465;R-HSA-2197690
R-HSA-9664433,Leishmania parasite growth and survival,1,193,0.012670693,0.516567757,0.516567757,2,40,0.002795834,9606,Homo sapiens,Calm1,,R-HSA-74448;R-HSA-111930
R-HSA-9662851,Anti-inflammatory response favouring Leishmania parasite infection,1,193,0.012670693,0.516567757,0.516567757,2,40,0.002795834,9606,Homo sapiens,Calm1,,R-HSA-74448;R-HSA-111930
R-HSA-168255,Influenza Infection,1,198,0.01299895,0.525644383,0.525644383,1,59,0.004123855,9606,Homo sapiens,Canx,,R-HSA-169921
R-HSA-5621481,C-type lectin receptors (CLRs),1,203,0.013327206,0.534553526,0.534553526,4,68,0.004752918,9606,Homo sapiens,Calm1,,R-HSA-2730872;R-HSA-74448;R-HSA-2730849;R-HSA-2730867
R-HSA-983712,Ion channel transport,1,208,0.013655462,0.543298223,0.543298223,2,51,0.003564689,9606,Homo sapiens,Calm1,,R-HSA-427910;R-HSA-2855020
R-HSA-3700989,Transcriptional Regulation by TP53,2,484,0.03177521,0.544361962,0.544361962,3,259,0.018103026,9606,Homo sapiens,Rptor;Ywhag,,R-HSA-380979;R-HSA-5632738;R-HSA-5632732
R-HSA-9824439,Bacterial Infection Pathways,1,209,0.013721113,0.545027692,0.545027692,1,152,0.01062417,9606,Homo sapiens,Calm1,,R-HSA-5211224
R-HSA-69275,G2/M Transition,1,212,0.013918067,0.550177585,0.550177585,12,78,0.005451877,9606,Homo sapiens,Ywhag,,R-HSA-380455;R-HSA-380311;R-HSA-3000319;R-HSA-380294;R-HSA-380272;R-HSA-380303;R-HSA-2574845;R-HSA-8853405;R-HSA-3000310;R-HSA-8853419;R-HSA-380283;R-HSA-2574840
R-HSA-72163,mRNA Splicing - Major Pathway,1,213,0.013983718,0.551881456,0.551881456,5,10,6.99E-04,9606,Homo sapiens,Sf3b2,,R-HSA-9770132;R-HSA-9770129;R-HSA-9770145;R-HSA-9770131;R-HSA-9770142
R-HSA-453274,Mitotic G2-G2/M phases,1,214,0.01404937,0.553578985,0.553578985,12,80,0.005591668,9606,Homo sapiens,Ywhag,,R-HSA-380455;R-HSA-380311;R-HSA-3000319;R-HSA-380294;R-HSA-380272;R-HSA-380303;R-HSA-2574845;R-HSA-8853405;R-HSA-3000310;R-HSA-8853419;R-HSA-380283;R-HSA-2574840
R-HSA-6811442,Intra-Golgi and retrograde Golgi-to-ER traffic,1,219,0.014377626,0.561972323,0.561972323,4,48,0.003355001,9606,Homo sapiens,M6pr,,R-HSA-6814675;R-HSA-6814674;R-HSA-6814671;R-HSA-6814670
R-HSA-1483206,Glycerophospholipid biosynthesis,1,221,0.014508929,0.565286074,0.565286074,1,133,0.009296149,9606,Homo sapiens,Pla2g15,,R-HSA-8952251
R-HSA-72172,mRNA Splicing,1,224,0.014705882,0.570210571,0.570210571,10,15,0.001048438,9606,Homo sapiens,Sf3b2,,R-HSA-9770132;R-HSA-9770129;R-HSA-9770145;R-HSA-9770131;R-HSA-75079;R-HSA-75081;R-HSA-75080;R-HSA-75083;R-HSA-9770142;R-HSA-75082
R-HSA-388396,GPCR downstream signalling,3,795,0.052192752,0.57709491,0.57709491,23,175,0.012231775,9606,Homo sapiens,Tapbp;Abhd12;Calm1,,R-HSA-9618834;R-HSA-379044;R-HSA-749448;R-HSA-442725;R-HSA-749452;R-HSA-9619125;R-HSA-111913;R-HSA-5694462;R-HSA-111912;R-HSA-111915;R-HSA-379048;R-HSA-74448;R-HSA-201783;R-HSA-111956;R-HSA-201787;R-HSA-111930;R-HSA-442749;R-HSA-744887;R-HSA-744886;R-HSA-9617583;R-HSA-9618863;R-HSA-444792;R-HSA-111966
R-HSA-112314,Neurotransmitter receptors and postsynaptic signal transmission,1,232,0.015231092,0.583076191,0.583076191,31,110,0.007688544,9606,Homo sapiens,Calm1,,R-HSA-9618834;R-HSA-9619478;R-HSA-9619355;R-HSA-442760;R-HSA-438037;R-HSA-9619783;R-HSA-451283;R-HSA-9619467;R-HSA-9619214;R-HSA-442715;R-HSA-9619376;R-HSA-442725;R-HSA-9619125;R-HSA-111913;R-HSA-9618811;R-HSA-451311;R-HSA-111912;R-HSA-442732;R-HSA-111915;R-HSA-9619449;R-HSA-9618750;R-HSA-9617535;R-HSA-445367;R-HSA-9618785;R-HSA-9619430;R-HSA-9619367;R-HSA-442749;R-HSA-9617326;R-HSA-9617583;R-HSA-9618863;R-HSA-444792
R-HSA-2454202,Fc epsilon receptor (FCERI) signaling,1,235,0.015428046,0.587802603,0.587802603,4,65,0.004543231,9606,Homo sapiens,Calm1,,R-HSA-2730872;R-HSA-74448;R-HSA-2730849;R-HSA-2730867
R-HSA-1428517,The citric acid (TCA) cycle and respiratory electron transport,1,238,0.015625,0.592476365,0.592476365,4,67,0.004683022,9606,Homo sapiens,Ucp2,,R-HSA-166387;R-HSA-166214;R-HSA-170026;R-HSA-166220
R-HSA-9705683,SARS-CoV-2-host interactions,1,248,0.016281513,0.607682664,0.607682664,1,67,0.004683022,9606,Homo sapiens,Ywhag,,R-HSA-9729500
R-HSA-8939211,ESR-mediated signaling,1,256,0.016806723,0.619445098,0.619445098,1,114,0.007968127,9606,Homo sapiens,Calm1,,R-HSA-202127
R-HSA-9679506,SARS-CoV Infections,2,572,0.037552521,0.636179018,0.636179018,4,401,0.028028238,9606,Homo sapiens,Canx;Ywhag,,R-HSA-9694337;R-HSA-9729500;R-HSA-9727919;R-HSA-9683772
R-HSA-372790,Signaling by GPCR,3,876,0.057510504,0.643829214,0.643829214,24,392,0.027399175,9606,Homo sapiens,Tapbp;Abhd12;Calm1,,R-HSA-9618834;R-HSA-379044;R-HSA-749448;R-HSA-442725;R-HSA-749452;R-HSA-417825;R-HSA-9619125;R-HSA-111913;R-HSA-5694462;R-HSA-111912;R-HSA-111915;R-HSA-379048;R-HSA-74448;R-HSA-201783;R-HSA-111956;R-HSA-201787;R-HSA-111930;R-HSA-442749;R-HSA-744887;R-HSA-744886;R-HSA-9617583;R-HSA-9618863;R-HSA-444792;R-HSA-111966
R-HSA-69620,Cell Cycle Checkpoints,1,279,0.018316702,0.651365847,0.651365847,1,56,0.003914168,9606,Homo sapiens,Ywhag,,R-HSA-75016
R-HSA-69278,"Cell Cycle, Mitotic",2,595,0.0390625,0.657722671,0.657722671,19,352,0.024603341,9606,Homo sapiens,Nek7;Ywhag,,R-HSA-380455;R-HSA-9648017;R-HSA-380294;R-HSA-380303;R-HSA-9648089;R-HSA-8853419;R-HSA-2990880;R-HSA-2984258;R-HSA-380311;R-HSA-3000319;R-HSA-380272;R-HSA-380316;R-HSA-380508;R-HSA-2574845;R-HSA-8853405;R-HSA-3000310;R-HSA-2980720;R-HSA-380283;R-HSA-2574840
R-HSA-72203,Processing of Capped Intron-Containing Pre-mRNA,1,299,0.019629727,0.67697388,0.67697388,10,34,0.002376459,9606,Homo sapiens,Sf3b2,,R-HSA-9770132;R-HSA-9770129;R-HSA-9770145;R-HSA-9770131;R-HSA-75079;R-HSA-75081;R-HSA-75080;R-HSA-75083;R-HSA-9770142;R-HSA-75082
R-HSA-1483257,Phospholipid metabolism,1,314,0.020614496,0.694958245,0.694958245,1,218,0.015237296,9606,Homo sapiens,Pla2g15,,R-HSA-8952251
R-HSA-983168,Antigen processing: Ubiquitination & Proteasome degradation,1,315,0.020680147,0.69612159,0.69612159,4,9,6.29E-04,9606,Homo sapiens,Ube2g2,,R-HSA-983157;R-HSA-983156;R-HSA-983140;R-HSA-983152
R-HSA-5673001,RAF/MAP kinase cascade,1,322,0.021139706,0.704143846,0.704143846,7,75,0.005242189,9606,Homo sapiens,Calm1,,R-HSA-9653585;R-HSA-5672965;R-HSA-9654533;R-HSA-9654523;R-HSA-9654521;R-HSA-9654525;R-HSA-5672969
R-HSA-1257604,PIP3 activates AKT signaling,1,322,0.021139706,0.704143846,0.704143846,2,88,0.006150835,9606,Homo sapiens,Rptor,,R-HSA-8944457;R-HSA-8944454
R-HSA-382551,Transport of small molecules,3,969,0.063616071,0.711185846,0.711185846,6,454,0.031732718,9606,Homo sapiens,Derl1;Calm1,,R-HSA-8866551;R-HSA-427910;R-HSA-8866546;R-HSA-2855020;R-HSA-8866542;R-HSA-425661
R-HSA-5684996,MAPK1/MAPK3 signaling,1,329,0.021599265,0.711957937,0.711957937,7,82,0.00573146,9606,Homo sapiens,Calm1,,R-HSA-9653585;R-HSA-5672965;R-HSA-9654533;R-HSA-9654523;R-HSA-9654521;R-HSA-9654525;R-HSA-5672969
R-HSA-195721,Signaling by WNT,1,331,0.021730567,0.714153046,0.714153046,6,157,0.010973649,9606,Homo sapiens,Calm1,,R-HSA-2730872;R-HSA-4332358;R-HSA-4332359;R-HSA-4332363;R-HSA-4551465;R-HSA-4551451
R-HSA-212436,Generic Transcription Pathway,5,1586,0.104122899,0.720703785,0.720703785,9,884,0.061787936,9606,Homo sapiens,Rptor;Itgal;Ywhag;Calm1,,R-HSA-8986937;R-HSA-8986939;R-HSA-9614423;R-HSA-380979;R-HSA-8949343;R-HSA-5632738;R-HSA-9006992;R-HSA-5632732;R-HSA-8949335
R-HSA-112315,Transmission across Chemical Synapses,1,344,0.022584034,0.728025957,0.728025957,31,167,0.011672608,9606,Homo sapiens,Calm1,,R-HSA-9618834;R-HSA-9619478;R-HSA-9619355;R-HSA-442760;R-HSA-438037;R-HSA-9619783;R-HSA-451283;R-HSA-9619467;R-HSA-9619214;R-HSA-442715;R-HSA-9619376;R-HSA-442725;R-HSA-9619125;R-HSA-111913;R-HSA-9618811;R-HSA-451311;R-HSA-111912;R-HSA-442732;R-HSA-111915;R-HSA-9619449;R-HSA-9618750;R-HSA-9617535;R-HSA-445367;R-HSA-9618785;R-HSA-9619430;R-HSA-9619367;R-HSA-442749;R-HSA-9617326;R-HSA-9617583;R-HSA-9618863;R-HSA-444792
R-HSA-5683057,MAPK family signaling cascades,1,380,0.024947479,0.763082827,0.763082827,7,122,0.008527294,9606,Homo sapiens,Calm1,,R-HSA-9653585;R-HSA-5672965;R-HSA-9654533;R-HSA-9654523;R-HSA-9654521;R-HSA-9654525;R-HSA-5672969
R-HSA-196854,Metabolism of vitamins and cofactors,1,382,0.025078782,0.7648945,0.7648945,2,205,0.01432865,9606,Homo sapiens,Calm1,,R-HSA-1497796;R-HSA-1497784
R-HSA-1640170,Cell Cycle,2,733,0.048122374,0.766579061,0.766579061,20,451,0.031523031,9606,Homo sapiens,Nek7;Ywhag,,R-HSA-380455;R-HSA-9648017;R-HSA-380294;R-HSA-75016;R-HSA-380303;R-HSA-9648089;R-HSA-8853419;R-HSA-2990880;R-HSA-2984258;R-HSA-380311;R-HSA-3000319;R-HSA-380272;R-HSA-380316;R-HSA-380508;R-HSA-2574845;R-HSA-8853405;R-HSA-3000310;R-HSA-2980720;R-HSA-380283;R-HSA-2574840
R-HSA-9006931,Signaling by Nuclear Receptors,1,386,0.025341387,0.76847711,0.76847711,1,196,0.013699588,9606,Homo sapiens,Calm1,,R-HSA-202127
R-HSA-73857,RNA Polymerase II Transcription,5,1728,0.113445378,0.789234395,0.789234395,9,945,0.066051583,9606,Homo sapiens,Rptor;Itgal;Ywhag;Calm1,,R-HSA-8986937;R-HSA-8986939;R-HSA-9614423;R-HSA-380979;R-HSA-8949343;R-HSA-5632738;R-HSA-9006992;R-HSA-5632732;R-HSA-8949335
R-HSA-373076,Class A/1 (Rhodopsin-like receptors),1,414,0.027179622,0.792096603,0.792096603,1,185,0.012930733,9606,Homo sapiens,Tapbp,,R-HSA-417825
R-HSA-425407,SLC-mediated transmembrane transport,1,418,0.027442227,0.795271489,0.795271489,1,194,0.013559796,9606,Homo sapiens,Calm1,,R-HSA-425661
R-HSA-418594,G alpha (i) signalling events,1,426,0.027967437,0.801479026,0.801479026,16,74,0.005172293,9606,Homo sapiens,Calm1,,R-HSA-9618834;R-HSA-442725;R-HSA-9619125;R-HSA-111913;R-HSA-111912;R-HSA-111915;R-HSA-74448;R-HSA-201783;R-HSA-111956;R-HSA-201787;R-HSA-111930;R-HSA-442749;R-HSA-9617583;R-HSA-9618863;R-HSA-444792;R-HSA-111966
R-HSA-5663205,Infectious disease,4,1445,0.094866071,0.80161605,0.80161605,14,897,0.062696582,9606,Homo sapiens,Nckap1l;Canx;Ywhag;Calm1,,R-HSA-169921;R-HSA-2029469;R-HSA-2029466;R-HSA-442592;R-HSA-2029465;R-HSA-9729500;R-HSA-9683772;R-HSA-74448;R-HSA-9694337;R-HSA-2130194;R-HSA-5211224;R-HSA-111930;R-HSA-2197690;R-HSA-9727919
R-HSA-8953854,Metabolism of RNA,2,830,0.054490546,0.824247415,0.824247415,12,189,0.013210317,9606,Homo sapiens,Sf3b2;Apobec1,,R-HSA-9770132;R-HSA-9770129;R-HSA-9770145;R-HSA-9770131;R-HSA-75079;R-HSA-75081;R-HSA-77609;R-HSA-75080;R-HSA-75083;R-HSA-9770142;R-HSA-75082;R-HSA-83677
R-HSA-71387,Metabolism of carbohydrates,1,461,0.030265231,0.826532098,0.826532098,3,241,0.016844901,9606,Homo sapiens,Calm1,,R-HSA-71541;R-HSA-71588;R-HSA-453337
R-HSA-1643685,Disease,7,2528,0.165966387,0.855711606,0.855711606,30,1787,0.124903893,9606,Homo sapiens,Nckap1l;Canx;Derl1;Tgfbr1;Ywhag;Calm1,,R-HSA-169921;R-HSA-6802916;R-HSA-2029469;R-HSA-2029466;R-HSA-9656212;R-HSA-2029465;R-HSA-6802927;R-HSA-9729500;R-HSA-3656382;R-HSA-6802924;R-HSA-74448;R-HSA-9694337;R-HSA-5211224;R-HSA-6802941;R-HSA-2197690;R-HSA-8866854;R-HSA-3645780;R-HSA-442592;R-HSA-5387386;R-HSA-8866857;R-HSA-9683772;R-HSA-8866856;R-HSA-5387389;R-HSA-9005561;R-HSA-2130194;R-HSA-5483238;R-HSA-3304394;R-HSA-111930;R-HSA-9727919;R-HSA-3656523
R-HSA-74160,Gene expression (Transcription),5,1917,0.125853466,0.859896061,0.859896061,9,1090,0.076186482,9606,Homo sapiens,Rptor;Itgal;Ywhag;Calm1,,R-HSA-8986937;R-HSA-8986939;R-HSA-9614423;R-HSA-380979;R-HSA-8949343;R-HSA-5632738;R-HSA-9006992;R-HSA-5632732;R-HSA-8949335
R-HSA-500792,GPCR ligand binding,1,609,0.039981618,0.902291063,0.902291063,1,217,0.015167401,9606,Homo sapiens,Tapbp,,R-HSA-417825
R-HSA-556833,Metabolism of lipids,3,1446,0.094931723,0.916696155,0.916696155,5,965,0.0674495,9606,Homo sapiens,Pla2g15;Sgpl1;Gm2a,,R-HSA-428676;R-HSA-1605595;R-HSA-8952251;R-HSA-1605717;R-HSA-428681
R-HSA-9824446,Viral Infection Pathways,2,1073,0.070443803,0.917283944,0.917283944,5,651,0.045502202,9606,Homo sapiens,Canx;Ywhag,,R-HSA-9694337;R-HSA-169921;R-HSA-9729500;R-HSA-9727919;R-HSA-9683772
R-HSA-449147,Signaling by Interleukins,1,658,0.043198529,0.919305386,0.919305386,5,505,0.035297407,9606,Homo sapiens,Canx,,R-HSA-8950362;R-HSA-8950398;R-HSA-8950387;R-HSA-8950740;R-HSA-8950342
R-HSA-71291,Metabolism of amino acids and derivatives,1,667,0.043789391,0.922097248,0.922097248,1,285,0.019920319,9606,Homo sapiens,Serinc3,,R-HSA-8932980
R-HSA-1280215,Cytokine Signaling in Immune system,1,1039,0.06821166,0.982172745,0.982172745,5,745,0.052072412,9606,Homo sapiens,Canx,,R-HSA-8950362;R-HSA-8950398;R-HSA-8950387;R-HSA-8950740;R-HSA-8950342
R-HSA-9709957,Sensory Perception,1,1262,0.082851891,0.992771468,0.992771468,3,143,0.009995107,9606,Homo sapiens,Calm1,,R-HSA-74448;R-HSA-6786205;R-HSA-3229181
R-HSA-1430728,Metabolism,6,3647,0.239430147,0.996992967,0.996992967,23,2268,0.1585238,9606,Homo sapiens,Serinc3;Pla2g15;Sgpl1;Gm2a;Ucp2;Calm1,,R-HSA-428676;R-HSA-1605595;R-HSA-202144;R-HSA-1497810;R-HSA-166214;R-HSA-71588;R-HSA-170026;R-HSA-202127;R-HSA-1605717;R-HSA-1855153;R-HSA-1497784;R-HSA-166220;R-HSA-428681;R-HSA-166387;R-HSA-1497796;R-HSA-202129;R-HSA-8952251;R-HSA-71541;R-HSA-202137;R-HSA-202111;R-HSA-8932980;R-HSA-202110;R-HSA-453337