StrandDecidingMethod,Group,Sample,SamplePath,A2CEditingIndex,A2GEditingIndex,A2TEditingIndex,C2AEditingIndex,C2GEditingIndex,C2TEditingIndex
RefSeqThenMMSites,Editing_Index_Unknown,ERR4277227,/home/bwalesmcgrath/ADAR/MCMV/bam/ERR4277227.bam,0.0828520114582,0.209953609942,0.053861050789,0.0443915032263,0.0281799767661,0.177145258143
RefSeqThenMMSites,Editing_Index_Unknown,ERR4277231,/home/bwalesmcgrath/ADAR/MCMV/bam/ERR4277231.bam,0.0635640791599,0.33618159895,0.0543584880092,0.0613449658385,0.0233140454469,0.174294334717
RefSeqThenMMSites,Editing_Index_Unknown,ERR4277229,/home/bwalesmcgrath/ADAR/MCMV/bam/ERR4277229.bam,0.0689732302844,0.323482080974,0.0528078460273,0.0598287189247,0.0236872103868,0.172216365553
RefSeqThenMMSites,Editing_Index_Unknown,ERR4277230,/home/bwalesmcgrath/ADAR/MCMV/bam/ERR4277230.bam,0.0513650760346,0.322729401014,0.0535971623083,0.058366865601,0.0240256117232,0.177343928245
RefSeqThenMMSites,Editing_Index_Unknown,ERR4277226,/home/bwalesmcgrath/ADAR/MCMV/bam/ERR4277226.bam,0.0962115044057,0.196543699505,0.0577365998838,0.0431128378798,0.0274111569527,0.167701176135
RefSeqThenMMSites,Editing_Index_Unknown,ERR4277228,/home/bwalesmcgrath/ADAR/MCMV/bam/ERR4277228.bam,0.0980301521944,0.183831155253,0.0518823628836,0.0410042435364,0.0267155511032,0.164614714689
