StrandDecidingMethod,Group,Sample,SamplePath,A2CEditingIndex,A2GEditingIndex,A2TEditingIndex,C2AEditingIndex,C2GEditingIndex,C2TEditingIndex
RefSeqThenMMSites,Editing_Index_Unknown,SRR9610805,/home/bwalesmcgrath/ADAR/hiNPC/bam/SRR9610805.bam,0.0314358618531,1.54489406178,0.0364613786559,0.034099125647,0.0223013408287,0.100457783588
RefSeqThenMMSites,Editing_Index_Unknown,SRR9610801,/home/bwalesmcgrath/ADAR/hiNPC/bam/SRR9610801.bam,0.0284778513316,1.59160839553,0.0356280286749,0.0332916523365,0.02082280582,0.0944792710495
RefSeqThenMMSites,Editing_Index_Unknown,SRR9610803,/home/bwalesmcgrath/ADAR/hiNPC/bam/SRR9610803.bam,0.0300640073521,1.31714952105,0.0350686197924,0.0332078433201,0.0204314073528,0.0915036262749
RefSeqThenMMSites,Editing_Index_Unknown,SRR9610799,/home/bwalesmcgrath/ADAR/hiNPC/bam/SRR9610799.bam,0.0280909368354,1.53010393686,0.0361373838373,0.0316994339229,0.0208721404005,0.0957530464957
RefSeqThenMMSites,Editing_Index_Unknown,SRR9610802,/home/bwalesmcgrath/ADAR/hiNPC/bam/SRR9610802.bam,0.0297150497141,1.28654875273,0.0357299111045,0.0326533180191,0.0211076519131,0.0932501186941
RefSeqThenMMSites,Editing_Index_Unknown,SRR9610798,/home/bwalesmcgrath/ADAR/hiNPC/bam/SRR9610798.bam,0.0301840939616,1.52170259867,0.0369457256951,0.0333471169455,0.0217025311708,0.0977337050094
RefSeqThenMMSites,Editing_Index_Unknown,SRR9610797,/home/bwalesmcgrath/ADAR/hiNPC/bam/SRR9610797.bam,0.0274191761144,1.55446345666,0.0355857702008,0.0311582509425,0.0199706107736,0.0906914194083
RefSeqThenMMSites,Editing_Index_Unknown,SRR9610800,/home/bwalesmcgrath/ADAR/hiNPC/bam/SRR9610800.bam,0.030168720136,1.60494978908,0.0360253046084,0.0332765932141,0.0220341387118,0.0961688600401
RefSeqThenMMSites,Editing_Index_Unknown,SRR9610804,/home/bwalesmcgrath/ADAR/hiNPC/bam/SRR9610804.bam,0.0285537113347,1.26383000708,0.0358836077895,0.0329893720917,0.0198723020748,0.0903674910283
