StrandDecidingMethod,Group,Sample,SamplePath,A2CEditingIndex,A2GEditingIndex,A2TEditingIndex,C2AEditingIndex,C2GEditingIndex,C2TEditingIndex
RefSeqThenMMSites,Editing_Index_Unknown,SRR7741207,/home/bwalesmcgrath/ADAR/ZIKV_1/bam/SRR7741207.bam,0.0411993453653,0.293882024653,0.0548423633708,0.0513469004271,0.0370336851343,0.1798161068
RefSeqThenMMSites,Editing_Index_Unknown,SRR7741204,/home/bwalesmcgrath/ADAR/ZIKV_1/bam/SRR7741204.bam,0.0397866456556,0.210507067133,0.0558736363976,0.0507621712562,0.0367921496478,0.17999122341
RefSeqThenMMSites,Editing_Index_Unknown,SRR7741206,/home/bwalesmcgrath/ADAR/ZIKV_1/bam/SRR7741206.bam,0.0427961201289,0.214440510069,0.0551346516369,0.0513169445159,0.0350552593331,0.173895988696
RefSeqThenMMSites,Editing_Index_Unknown,SRR7741203,/home/bwalesmcgrath/ADAR/ZIKV_1/bam/SRR7741203.bam,0.0442539264267,0.322760732159,0.0581219684555,0.0554688530448,0.0361679235518,0.179581739609
RefSeqThenMMSites,Editing_Index_Unknown,SRR7741205,/home/bwalesmcgrath/ADAR/ZIKV_1/bam/SRR7741205.bam,0.0409287697923,0.307656552116,0.0584743943876,0.0527091379085,0.0378293770547,0.183884374608
RefSeqThenMMSites,Editing_Index_Unknown,SRR7741202,/home/bwalesmcgrath/ADAR/ZIKV_1/bam/SRR7741202.bam,0.0389734761659,0.205815665759,0.0531956750573,0.0491176539029,0.0352569468938,0.162123978472
