StrandDecidingMethod,Group,Sample,SamplePath,A2CEditingIndex,A2GEditingIndex,A2TEditingIndex,C2AEditingIndex,C2GEditingIndex,C2TEditingIndex
RefSeqThenMMSites,Editing_Index_Unknown,SRR5136882,/home/bwalesmcgrath/ADAR/ZIKV_2/bam/SRR5136882.bam,0.0432844879545,0.259775221015,0.0601627173717,0.0654039597463,0.0299187604538,0.156562753775
RefSeqThenMMSites,Editing_Index_Unknown,SRR5137136,/home/bwalesmcgrath/ADAR/ZIKV_2/bam/SRR5137136.bam,0.045406263494,0.269380405073,0.0567478170771,0.0613096015762,0.0311068050797,0.164415678799
RefSeqThenMMSites,Editing_Index_Unknown,SRR5136883,/home/bwalesmcgrath/ADAR/ZIKV_2/bam/SRR5136883.bam,0.0404005884586,0.270020939146,0.0608895941814,0.0642636154486,0.0307747686222,0.164921148504
RefSeqThenMMSites,Editing_Index_Unknown,SRR5137142,/home/bwalesmcgrath/ADAR/ZIKV_2/bam/SRR5137142.bam,0.0564949266397,0.473310929833,0.14143737939,0.106411006489,0.0380662774071,0.208007361121
RefSeqThenMMSites,Editing_Index_Unknown,SRR5137144,/home/bwalesmcgrath/ADAR/ZIKV_2/bam/SRR5137144.bam,0.0520479038493,0.533728189874,0.095879622213,0.0859760845597,0.0363161674275,0.196786940495
RefSeqThenMMSites,Editing_Index_Unknown,SRR5137139,/home/bwalesmcgrath/ADAR/ZIKV_2/bam/SRR5137139.bam,0.0526453601374,0.5408278926,0.091829128459,0.0835135583988,0.0372168975873,0.189686884836
