Target_ID	Target_Group	MicroRNA	MicroRNA_Seq	UTR	UTR_Seq	UTR_Aligned_Index	Mer_Type	Binary_Score	Empirical_Score
56	1	mmu-miR-16-5p	AGCAGCA	Sept2_93509088|unedited	UGCUGCU	619	7mer-m8	-0.20900941091	-0.0
57	1	mmu-miR-16-5p	AGCAGCA	Sept2_93509088|edited	UGCUGCU	619	7mer-m8	-0.20900941091	-0.0
26	2	mmu-miR-340-5p	UAUAAAG	Sept2_93509088|unedited	UUUAUA	1336	6mer	0.10442131565	0.0
27	2	mmu-miR-340-5p	UAUAAAG	Sept2_93509088|edited	UUUAUA	1336	6mer	0.10442131565	0.0
94	3	mmu-miR-101a-3p	ACAGUAC	Sept2_93509088|unedited	UACUGU	825	6mer	0.0173503923771	0.0126857972211
95	3	mmu-miR-101a-3p	ACAGUAC	Sept2_93509088|edited	UACUGU	825	6mer	0.0173503923771	0.0126857972211
112	4	mmu-miR-26a-5p	UCAAGUA	Sept2_93509088|unedited	ACUUGA	1481	6mer	0.0399651111114	0.00859436392747
113	4	mmu-miR-26a-5p	UCAAGUA	Sept2_93509088|edited	ACUUGA	1481	6mer	0.0399651111114	0.00859436392747
30	5	mmu-miR-340-5p	UAUAAAG	Sept2_93509088|unedited	UUUAUA	975	6mer	0.0634884528194	0.0
31	5	mmu-miR-340-5p	UAUAAAG	Sept2_93509088|edited	UUUAUA	975	6mer	0.0634884528194	0.0
20	6	mmu-miR-340-5p	UAUAAAG	Sept2_93509088|unedited	UUUAUA	821	6mer	0.0831016699881	0.0
21	6	mmu-miR-340-5p	UAUAAAG	Sept2_93509088|edited	UUUAUA	821	6mer	0.0831016699881	0.0
22	7	mmu-miR-340-5p	UAUAAAG	Sept2_93509088|unedited	UUUAUA	706	6mer	0.0523080895855	0.0
23	7	mmu-miR-340-5p	UAUAAAG	Sept2_93509088|edited	UUUAUA	706	6mer	0.0523080895855	0.0
42	8	mmu-miR-9-5p	CUUUGGU	Sept2_93509088|unedited	ACCAAAG	861	7mer-m8	-0.0188900803697	-0.00328475199864
43	8	mmu-miR-9-5p	CUUUGGU	Sept2_93509088|edited	ACCAAAG	861	7mer-m8	-0.0188900803697	-0.00328475199864
14	9	mmu-miR-340-5p	UAUAAAG	Sept2_93509088|unedited	UUUAUAA	1566	7mer-1a	0.10994120865	0.0
15	9	mmu-miR-340-5p	UAUAAAG	Sept2_93509088|edited	UUUAUAA	1566	7mer-1a	0.10994120865	0.0
12	10	mmu-miR-340-5p	UAUAAAG	Sept2_93509088|unedited	CUUUAUA	585	7mer-m8	-0.0445347904703	-0.0
13	10	mmu-miR-340-5p	UAUAAAG	Sept2_93509088|edited	CUUUAUA	585	7mer-m8	-0.0445347904703	-0.0
104	11	mmu-miR-26a-5p	UCAAGUA	Sept2_93509088|unedited	UACUUGA	2229	7mer-m8	-0.1066732703	-0.0229397312005
105	11	mmu-miR-26a-5p	UCAAGUA	Sept2_93509088|edited	UACUUGA	2229	7mer-m8	-0.1066732703	-0.0229397312005
8	12	mmu-miR-340-5p	UAUAAAG	Sept2_93509088|unedited	CUUUAUAA	904	8mer	0.118184431713	0.0
9	12	mmu-miR-340-5p	UAUAAAG	Sept2_93509088|edited	CUUUAUAA	904	8mer	0.118184431713	0.0
106	13	mmu-miR-26a-5p	UCAAGUA	Sept2_93509088|unedited	ACUUGAA	1111	7mer-1a	0.0925831914112	0.0199097067023
107	13	mmu-miR-26a-5p	UCAAGUA	Sept2_93509088|edited	ACUUGAA	1111	7mer-1a	0.0925831914112	0.0199097067023
18	14	mmu-miR-340-5p	UAUAAAG	Sept2_93509088|unedited	UUUAUA	982	6mer	0.0761151447435	0.0
19	14	mmu-miR-340-5p	UAUAAAG	Sept2_93509088|edited	UUUAUA	982	6mer	0.0761151447435	0.0
28	15	mmu-miR-340-5p	UAUAAAG	Sept2_93509088|unedited	UUUAUA	286	6mer	0.0260328524774	0.0
29	15	mmu-miR-340-5p	UAUAAAG	Sept2_93509088|edited	UUUAUA	286	6mer	0.0260328524774	0.0
0	16	mmu-miR-374b-5p	UAUAAUA	Selenot_58590823|unedited	UAUUAUA	1943	7mer-m8	-0.0540759467133	-0.100651334301
1	16	mmu-miR-374b-5p	UAUAAUA	Selenot_58590823|edited	UAUUAUA	1943	7mer-m8	-0.0540759467133	-0.100651334301
40	17	mmu-let-7b-5p	GAGGUAG	Selenot_58590823|unedited	UACCUC	133	6mer	-0.0508624378219	-0.0755221328906
41	17	mmu-let-7b-5p	GAGGUAG	Selenot_58590823|edited	UACCUC	133	6mer	-0.0501240462358	-0.0744257460504
62	18	mmu-miR-16-5p	AGCAGCA	Selenot_58590823|unedited	GCUGCU	2209	6mer	-0.041766747729	-0.0
63	18	mmu-miR-16-5p	AGCAGCA	Selenot_58590823|edited	GCUGCU	2209	6mer	-0.041766747729	-0.0
86	19	mmu-let-7i-5p	GAGGUAG	Selenot_58590823|unedited	UACCUC	133	6mer	-0.0542910092505	-0.0481573829469
87	19	mmu-let-7i-5p	GAGGUAG	Selenot_58590823|edited	UACCUC	133	6mer	-0.0535526176644	-0.047502412504
96	20	mmu-miR-101a-3p	ACAGUAC	Selenot_58590823|unedited	UACUGU	915	6mer	0.00611725619807	0.00447265226007
97	20	mmu-miR-101a-3p	ACAGUAC	Selenot_58590823|edited	UACUGU	915	6mer	0.00611725619807	0.00447265226007
110	21	mmu-miR-26a-5p	UCAAGUA	Selenot_58590823|unedited	ACUUGA	1287	6mer	0.0456481167278	0.00981647534193
111	21	mmu-miR-26a-5p	UCAAGUA	Selenot_58590823|edited	ACUUGA	1287	6mer	0.0456481167278	0.00981647534193
48	22	mmu-miR-124-3p	AAGGCAC	Selenot_58590823|unedited	UGCCUUA	1757	7mer-1a	-0.0668487918302	-0.0100356080247
49	22	mmu-miR-124-3p	AAGGCAC	Selenot_58590823|edited	UGCCUUA	1757	7mer-1a	-0.0668487918302	-0.0100356080247
34	23	mmu-let-7b-5p	GAGGUAG	Selenot_58590823|unedited	UACCUCA	2131	7mer-1a	-0.103190738051	-0.153220823969
35	23	mmu-let-7b-5p	GAGGUAG	Selenot_58590823|edited	UACCUCA	2131	7mer-1a	-0.103190738051	-0.153220823969
100	24	mmu-miR-344-3p	GAUCUAG	Selenot_58590823|unedited	CUAGAUC	1536	7mer-m8	-0.154323829098	-0.0
101	24	mmu-miR-344-3p	GAUCUAG	Selenot_58590823|edited	CUAGAUC	1536	7mer-m8	-0.154323829098	-0.0
102	25	mmu-miR-26a-5p	UCAAGUA	Selenot_58590823|unedited	UACUUGA	1703	7mer-m8	0.00166824229133	0.000358749943943
103	25	mmu-miR-26a-5p	UCAAGUA	Selenot_58590823|edited	UACUUGA	1703	7mer-m8	0.00166824229133	0.000358749943943
108	26	mmu-miR-26a-5p	UCAAGUA	Selenot_58590823|unedited	ACUUGA	321	6mer	-0.0207349407869	-0.00445897989976
109	26	mmu-miR-26a-5p	UCAAGUA	Selenot_58590823|edited	ACUUGA	321	6mer	-0.0207349407869	-0.00445897989976
2	27	mmu-miR-374b-5p	UAUAAUA	Selenot_58590823|unedited	AUUAUA	519	6mer	0.0359085804844	0.0668364912366
3	27	mmu-miR-374b-5p	UAUAAUA	Selenot_58590823|edited	AUUAUA	519	6mer	0.0359085804844	0.0668364912366
80	28	mmu-let-7i-5p	GAGGUAG	Selenot_58590823|unedited	UACCUCA	2131	7mer-1a	-0.0997621666222	-0.0884913529508
81	28	mmu-let-7i-5p	GAGGUAG	Selenot_58590823|edited	UACCUCA	2131	7mer-1a	-0.0997621666222	-0.0884913529508
24	29	mmu-miR-340-5p	UAUAAAG	Selenot_58590823|unedited	UUUAUA	362	6mer	0.0266166959933	0.0
25	29	mmu-miR-340-5p	UAUAAAG	Selenot_58590823|edited	UUUAUA	362	6mer	0.0266166959933	0.0
76	30	mmu-let-7c-5p	GAGGUAG	Selenot_58590823|unedited	UACCUC	133	6mer	-0.0508624378219	-0.0
77	30	mmu-let-7c-5p	GAGGUAG	Selenot_58590823|edited	UACCUC	133	6mer	-0.0501240462358	-0.0
10	31	mmu-miR-340-5p	UAUAAAG	Selenot_58590823|unedited	CUUUAUA	741	7mer-m8	0.0889488378914	0.0
11	31	mmu-miR-340-5p	UAUAAAG	Selenot_58590823|edited	CUUUAUA	741	7mer-m8	0.0889488378914	0.0
70	32	mmu-let-7c-5p	GAGGUAG	Selenot_58590823|unedited	UACCUCA	2131	7mer-1a	-0.103190738051	-0.0
71	32	mmu-let-7c-5p	GAGGUAG	Selenot_58590823|edited	UACCUCA	2131	7mer-1a	-0.103190738051	-0.0
92	33	mmu-miR-101a-3p	ACAGUAC	Selenot_58590823|unedited	UACUGU	1392	6mer	0.0263405231225	0.0192589612827
93	33	mmu-miR-101a-3p	ACAGUAC	Selenot_58590823|edited	UACUGU	1392	6mer	0.0263405231225	0.0192589612827
16	34	mmu-miR-340-5p	UAUAAAG	Selenot_58590823|unedited	UUUAUAA	1933	7mer-1a	0.0669104783013	0.0
17	34	mmu-miR-340-5p	UAUAAAG	Selenot_58590823|edited	UUUAUAA	1933	7mer-1a	0.0669104783013	0.0
84	35	mmu-let-7i-5p	GAGGUAG	Phc2_128752175|unedited	UACCUC	170	6mer	-0.0332574649997	-0.0295001419194
85	35	mmu-let-7i-5p	GAGGUAG	Phc2_128752175|edited	UACCUC	170	6mer	-0.0332574649997	-0.0295001419194
73	36	mmu-let-7c-5p	GAGGUAG	Phc2_128752175|unedited	UACCUC	1142	6mer	-0.0387901441803	-0.0
72	36	mmu-let-7c-5p	GAGGUAG	Phc2_128752175|edited	UACCUC	1142	6mer	-0.0387901441803	-0.0
46	37	mmu-miR-9-5p	CUUUGGU	Phc2_128752175|unedited	CCAAAG	275	6mer	-0.0115657860483	-0.00201114754911
47	37	mmu-miR-9-5p	CUUUGGU	Phc2_128752175|edited	CCAAAG	275	6mer	-0.0115657860483	-0.00201114754911
83	38	mmu-let-7i-5p	GAGGUAG	Phc2_128752175|unedited	UACCUC	1142	6mer	-0.0353615727517	-0.0313665342406
82	38	mmu-let-7i-5p	GAGGUAG	Phc2_128752175|edited	UACCUC	1142	6mer	-0.0353615727517	-0.0313665342406
38	39	mmu-let-7b-5p	GAGGUAG	Phc2_128752175|unedited	UACCUC	170	6mer	-0.0332574649997	-0.0493817205559
39	39	mmu-let-7b-5p	GAGGUAG	Phc2_128752175|edited	UACCUC	170	6mer	-0.0332574649997	-0.0493817205559
37	40	mmu-let-7b-5p	GAGGUAG	Phc2_128752175|unedited	UACCUC	1142	6mer	-0.0387901441803	-0.0575968150384
36	40	mmu-let-7b-5p	GAGGUAG	Phc2_128752175|edited	UACCUC	1142	6mer	-0.0387901441803	-0.0575968150384
74	41	mmu-let-7c-5p	GAGGUAG	Phc2_128752175|unedited	UACCUC	170	6mer	-0.0332574649997	-0.0
75	41	mmu-let-7c-5p	GAGGUAG	Phc2_128752175|edited	UACCUC	170	6mer	-0.0332574649997	-0.0
5	42	mmu-miR-374b-5p	UAUAAUA	AC013548.1_142653273|unedited	AUUAUA	792	6mer	0.0549782458987	0.102330780015
4	42	mmu-miR-374b-5p	UAUAAUA	AC013548.1_142653273|edited	AUUAUA	792	6mer	0.0549782458987	0.102330780015
55	43	mmu-miR-16-5p	AGCAGCA	AC013548.1_142653273|unedited	UGCUGCU	1025	7mer-m8	-0.0493236400965	-0.0
54	43	mmu-miR-16-5p	AGCAGCA	AC013548.1_142653273|edited	UGCUGCU	1025	7mer-m8	-0.0493236400965	-0.0
61	44	mmu-miR-16-5p	AGCAGCA	AC013548.1_142653273|unedited	GCUGCUA	1057	7mer-1a	-0.0358718852994	-0.0
60	44	mmu-miR-16-5p	AGCAGCA	AC013548.1_142653273|edited	GCUGCUA	1057	7mer-1a	-0.0358718852994	-0.0
69	45	mmu-let-7c-5p	GAGGUAG	AC013548.1_142653273|unedited	UACCUCA	2358	7mer-1a	-0.00213588320175	-0.0
68	45	mmu-let-7c-5p	GAGGUAG	AC013548.1_142653273|edited	UACCUCA	2358	7mer-1a	-0.00213588320175	-0.0
45	46	mmu-miR-9-5p	CUUUGGU	AC013548.1_142653273|unedited	CCAAAG	2982	6mer	-0.0387540091934	-0.00673884423263
44	46	mmu-miR-9-5p	CUUUGGU	AC013548.1_142653273|edited	CCAAAG	2982	6mer	-0.0387540091934	-0.00673884423263
7	47	mmu-miR-374b-5p	UAUAAUA	AC013548.1_142653273|unedited	AUUAUA	255	6mer	0.0213644461321	0.0397655545671
6	47	mmu-miR-374b-5p	UAUAAUA	AC013548.1_142653273|edited	AUUAUA	255	6mer	0.0213644461321	0.0397655545671
79	48	mmu-let-7i-5p	GAGGUAG	AC013548.1_142653273|unedited	UACCUCA	2358	7mer-1a	-0.00899302605889	-0.00797702245267
78	48	mmu-let-7i-5p	GAGGUAG	AC013548.1_142653273|edited	UACCUCA	2358	7mer-1a	-0.00899302605889	-0.00797702245267
91	49	mmu-miR-101a-3p	ACAGUAC	AC013548.1_142653273|unedited	UACUGU	2814	6mer	-0.00584998040792	-0.00427723267519
90	49	mmu-miR-101a-3p	ACAGUAC	AC013548.1_142653273|edited	UACUGU	2814	6mer	-0.00584998040792	-0.00427723267519
33	50	mmu-let-7b-5p	GAGGUAG	AC013548.1_142653273|unedited	UACCUCA	2358	7mer-1a	-0.00213588320175	-0.00317142594631
32	50	mmu-let-7b-5p	GAGGUAG	AC013548.1_142653273|edited	UACCUCA	2358	7mer-1a	-0.00213588320175	-0.00317142594631
89	51	mmu-miR-708-5p	AGGAGCU	AC013548.1_142653273|unedited	GCUCCU	1264	6mer	0.0158644875969	0.0
88	51	mmu-miR-708-5p	AGGAGCU	AC013548.1_142653273|edited	GCUCCU	1264	6mer	0.0158644875969	0.0
59	52	mmu-miR-16-5p	AGCAGCA	AC013548.1_142653273|unedited	UGCUGCU	1028	7mer-m8	-0.0585940893884	-0.0
58	52	mmu-miR-16-5p	AGCAGCA	AC013548.1_142653273|edited	UGCUGCU	1028	7mer-m8	-0.0585940893884	-0.0
67	53	mmu-miR-153-3p	UGCAUAG	AC013548.1_142653273|unedited	UAUGCA	883	6mer	0.0233933600149	0.0
66	53	mmu-miR-153-3p	UGCAUAG	AC013548.1_142653273|edited	UAUGCA	883	6mer	0.0233933600149	0.0
65	54	mmu-miR-153-3p	UGCAUAG	AC013548.1_142653273|unedited	UAUGCA	839	6mer	0.017735592498	0.0
64	54	mmu-miR-153-3p	UGCAUAG	AC013548.1_142653273|edited	UAUGCA	839	6mer	0.017735592498	0.0
51	55	mmu-miR-124-3p	AAGGCAC	AC013548.1_142653273|unedited	UGCCUU	2073	6mer	0.0247744913595	0.00371924574085
50	55	mmu-miR-124-3p	AAGGCAC	AC013548.1_142653273|edited	UGCCUU	2073	6mer	0.0247744913595	0.00371924574085
53	56	mmu-miR-124-3p	AAGGCAC	Sf3b2_5274427|unedited	UGCCUU	21	6mer	-0.0431819630734	-0.00648264902443
52	56	mmu-miR-124-3p	AAGGCAC	Sf3b2_5274427|edited	UGCCUU	21	6mer	-0.0431819630734	-0.00648264902443
99	57	mmu-miR-344-3p	GAUCUAG	Sf3b2_5274427|unedited	CUAGAUC	70	7mer-m8	-0.162429791299	-0.0
98	57	mmu-miR-344-3p	GAUCUAG	Sf3b2_5274427|edited	CUAGAUC	70	7mer-m8	-0.162429791299	-0.0
