Target_ID	Target_Group	MicroRNA	MicroRNA_Seq	UTR	UTR_Seq	UTR_Aligned_Index	Mer_Type	Binary_Score	Empirical_Score
40	17	mmu-let-7b-5p	GAGGUAG	Selenot_58590823|unedited	UACCUC	133	6mer	-0.0508624378219	-0.0755221328906
41	17	mmu-let-7b-5p	GAGGUAG	Selenot_58590823|edited	UACCUC	133	6mer	-0.0501240462358	-0.0744257460504
86	19	mmu-let-7i-5p	GAGGUAG	Selenot_58590823|unedited	UACCUC	133	6mer	-0.0542910092505	-0.0481573829469
87	19	mmu-let-7i-5p	GAGGUAG	Selenot_58590823|edited	UACCUC	133	6mer	-0.0535526176644	-0.047502412504
76	30	mmu-let-7c-5p	GAGGUAG	Selenot_58590823|unedited	UACCUC	133	6mer	-0.0508624378219	-0.0
77	30	mmu-let-7c-5p	GAGGUAG	Selenot_58590823|edited	UACCUC	133	6mer	-0.0501240462358	-0.0
