Target_ID	Target_Group	MicroRNA	MicroRNA_Seq	UTR	UTR_Seq	UTR_Aligned_Index	Mer_Type	Binary_Score	Empirical_Score
4	1	mmu-miR-17-5p	AAAGUGC	Lamp2_38420316|unedited	CACUUUA	1481	7mer-1a	0.0308624568409	0.0307499940482
5	1	mmu-miR-17-5p	AAAGUGC	Lamp2_38420316|edited	CACUUUA	1481	7mer-1a	0.0308624568409	0.0307499940482
74	2	mmu-let-7i-5p	GAGGUAG	Lamp2_38420316|unedited	UACCUC	1834	6mer	-0.0434527234266	-0.0584327818695
75	2	mmu-let-7i-5p	GAGGUAG	Lamp2_38420316|edited	UACCUC	1834	6mer	-0.0434527234266	-0.0584327818695
16	3	mmu-miR-374b-5p	UAUAAUA	Lamp2_38420316|unedited	AUUAUA	1809	6mer	0.019451651155	0.0
17	3	mmu-miR-374b-5p	UAUAAUA	Lamp2_38420316|edited	AUUAUA	1809	6mer	0.019451651155	0.0
76	4	mmu-miR-181a-5p	ACAUUCA	Lamp2_38420316|unedited	GAAUGUA	1689	7mer-1a	-0.0370726722308	-0.0153627114728
77	4	mmu-miR-181a-5p	ACAUUCA	Lamp2_38420316|edited	GAAUGUA	1689	7mer-1a	-0.0370726722308	-0.0153627114728
22	5	mmu-miR-181b-5p	ACAUUCA	Lamp2_38420316|unedited	GAAUGUA	1689	7mer-1a	-0.0370726722308	-0.0
23	5	mmu-miR-181b-5p	ACAUUCA	Lamp2_38420316|edited	GAAUGUA	1689	7mer-1a	-0.0370726722308	-0.0
62	6	mmu-miR-340-5p	UAUAAAG	Lamp2_38420316|unedited	UUUAUA	1851	6mer	0.0468967996648	0.0
63	6	mmu-miR-340-5p	UAUAAAG	Lamp2_38420316|edited	UUUAUA	1851	6mer	0.0468967996648	0.0
44	7	mmu-miR-124-3p	AAGGCAC	Lamp2_38420316|unedited	UGCCUU	1327	6mer	-0.00724720847145	-0.0
45	7	mmu-miR-124-3p	AAGGCAC	Lamp2_38420316|edited	UGCCUU	1327	6mer	-0.00724720847145	-0.0
36	8	mmu-miR-9-5p	CUUUGGU	Lamp2_38420316|unedited	CCAAAG	1839	6mer	-0.0221544979152	-0.0
37	8	mmu-miR-9-5p	CUUUGGU	Lamp2_38420316|edited	CCAAAG	1839	6mer	-0.0221544979152	-0.0
6	9	mmu-miR-17-5p	AAAGUGC	Lamp2_38420316|unedited	CACUUUA	2038	7mer-1a	-0.0247776501139	-0.0246873603569
7	9	mmu-miR-17-5p	AAAGUGC	Lamp2_38420316|edited	CACUUUA	2038	7mer-1a	-0.0247776501139	-0.0246873603569
72	10	mmu-let-7c-5p	GAGGUAG	Lamp2_38420316|unedited	UACCUC	1834	6mer	-0.0468812948552	-0.0
73	10	mmu-let-7c-5p	GAGGUAG	Lamp2_38420316|edited	UACCUC	1834	6mer	-0.0468812948552	-0.0
28	11	mmu-let-7b-5p	GAGGUAG	Lamp2_38420316|unedited	UACCUC	1834	6mer	-0.0434527234266	-0.0
29	11	mmu-let-7b-5p	GAGGUAG	Lamp2_38420316|edited	UACCUC	1834	6mer	-0.0434527234266	-0.0
38	12	mmu-miR-21a-5p	AGCUUAU	Lamp2_38420316|unedited	UAAGCU	1272	6mer	0.0129377337684	0.00401041930692
39	12	mmu-miR-21a-5p	AGCUUAU	Lamp2_38420316|edited	UAAGCU	1272	6mer	0.0129377337684	0.00401041930692
88	13	mmu-miR-101a-3p	ACAGUAC	Lamp2_38420316|unedited	UACUGU	1040	6mer	0.0152975396223	0.0
89	13	mmu-miR-101a-3p	ACAGUAC	Lamp2_38420316|edited	UACUGU	1040	6mer	0.0152975396223	0.0
40	14	mmu-miR-124-3p	AAGGCAC	Lamp2_38420316|unedited	UGCCUUA	928	7mer-1a	-0.0227612655343	-0.0
41	14	mmu-miR-124-3p	AAGGCAC	Lamp2_38420316|edited	UGCCUUA	928	7mer-1a	-0.0227612655343	-0.0
54	15	mmu-miR-340-5p	UAUAAAG	Sept2_93509088|unedited	UUUAUAA	1566	7mer-1a	0.10994120865	0.0
55	15	mmu-miR-340-5p	UAUAAAG	Sept2_93509088|edited	UUUAUAA	1566	7mer-1a	0.10994120865	0.0
56	16	mmu-miR-340-5p	UAUAAAG	Sept2_93509088|unedited	UUUAUA	982	6mer	0.0761151447435	0.0
57	16	mmu-miR-340-5p	UAUAAAG	Sept2_93509088|edited	UUUAUA	982	6mer	0.0761151447435	0.0
58	17	mmu-miR-340-5p	UAUAAAG	Sept2_93509088|unedited	UUUAUA	821	6mer	0.0831016699881	0.0
59	17	mmu-miR-340-5p	UAUAAAG	Sept2_93509088|edited	UUUAUA	821	6mer	0.0831016699881	0.0
2	18	mmu-miR-17-5p	AAAGUGC	Sept2_93509088|unedited	CACUUUA	303	7mer-1a	-0.0734420001914	-0.0731743775427
3	18	mmu-miR-17-5p	AAAGUGC	Sept2_93509088|edited	CACUUUA	303	7mer-1a	-0.0734420001914	-0.0731743775427
66	19	mmu-miR-340-5p	UAUAAAG	Sept2_93509088|unedited	UUUAUA	286	6mer	0.0260328524774	0.0
67	19	mmu-miR-340-5p	UAUAAAG	Sept2_93509088|edited	UUUAUA	286	6mer	0.0260328524774	0.0
98	20	mmu-miR-26a-5p	UCAAGUA	Sept2_93509088|unedited	ACUUGA	1481	6mer	0.0399651111114	0.0
99	20	mmu-miR-26a-5p	UCAAGUA	Sept2_93509088|edited	ACUUGA	1481	6mer	0.0399651111114	0.0
82	21	mmu-miR-125b-5p	CCCUGAG	Sept2_93509088|unedited	UCAGGGA	1634	7mer-1a	-0.0673459368979	-0.0
83	21	mmu-miR-125b-5p	CCCUGAG	Sept2_93509088|edited	UCAGGGA	1634	7mer-1a	-0.0673459368979	-0.0
10	22	mmu-miR-17-5p	AAAGUGC	Sept2_93509088|unedited	CACUUU	2443	6mer	-0.00166753909451	-0.00166146258205
11	22	mmu-miR-17-5p	AAAGUGC	Sept2_93509088|edited	CACUUU	2443	6mer	-0.00166753909451	-0.00166146258205
30	23	mmu-miR-9-5p	CUUUGGU	Sept2_93509088|unedited	ACCAAAG	861	7mer-m8	-0.0188900803697	-0.0
31	23	mmu-miR-9-5p	CUUUGGU	Sept2_93509088|edited	ACCAAAG	861	7mer-m8	-0.0188900803697	-0.0
86	24	mmu-miR-101a-3p	ACAGUAC	Sept2_93509088|unedited	UACUGU	825	6mer	0.0173503923771	0.0
87	24	mmu-miR-101a-3p	ACAGUAC	Sept2_93509088|edited	UACUGU	825	6mer	0.0173503923771	0.0
52	25	mmu-miR-340-5p	UAUAAAG	Sept2_93509088|unedited	CUUUAUA	585	7mer-m8	-0.0445347904703	-0.0
53	25	mmu-miR-340-5p	UAUAAAG	Sept2_93509088|edited	CUUUAUA	585	7mer-m8	-0.0445347904703	-0.0
78	26	mmu-miR-181a-5p	ACAUUCA	Sept2_93509088|unedited	GAAUGU	483	6mer	0.0190066496678	0.00787625108577
79	26	mmu-miR-181a-5p	ACAUUCA	Sept2_93509088|edited	GAAUGU	483	6mer	0.0190066496678	0.00787625108577
20	27	mmu-miR-16-5p	AGCAGCA	Sept2_93509088|unedited	UGCUGCU	619	7mer-m8	-0.20900941091	-0.0342308297859
21	27	mmu-miR-16-5p	AGCAGCA	Sept2_93509088|edited	UGCUGCU	619	7mer-m8	-0.20900941091	-0.0342308297859
92	28	mmu-miR-26a-5p	UCAAGUA	Sept2_93509088|unedited	UACUUGA	2229	7mer-m8	-0.1066732703	-0.0
93	28	mmu-miR-26a-5p	UCAAGUA	Sept2_93509088|edited	UACUUGA	2229	7mer-m8	-0.1066732703	-0.0
8	29	mmu-miR-17-5p	AAAGUGC	Sept2_93509088|unedited	CACUUU	22	6mer	-0.0151707286199	-0.0151154464848
9	29	mmu-miR-17-5p	AAAGUGC	Sept2_93509088|edited	CACUUU	22	6mer	-0.0151707286199	-0.0151154464848
94	30	mmu-miR-26a-5p	UCAAGUA	Sept2_93509088|unedited	ACUUGAA	1111	7mer-1a	0.0925831914112	0.0
95	30	mmu-miR-26a-5p	UCAAGUA	Sept2_93509088|edited	ACUUGAA	1111	7mer-1a	0.0925831914112	0.0
50	31	mmu-miR-340-5p	UAUAAAG	Sept2_93509088|unedited	CUUUAUAA	904	8mer	0.118184431713	0.0
51	31	mmu-miR-340-5p	UAUAAAG	Sept2_93509088|edited	CUUUAUAA	904	8mer	0.118184431713	0.0
68	32	mmu-miR-340-5p	UAUAAAG	Sept2_93509088|unedited	UUUAUA	975	6mer	0.0634884528194	0.0
69	32	mmu-miR-340-5p	UAUAAAG	Sept2_93509088|edited	UUUAUA	975	6mer	0.0634884528194	0.0
60	33	mmu-miR-340-5p	UAUAAAG	Sept2_93509088|unedited	UUUAUA	706	6mer	0.0523080895855	0.0
61	33	mmu-miR-340-5p	UAUAAAG	Sept2_93509088|edited	UUUAUA	706	6mer	0.0523080895855	0.0
24	34	mmu-miR-181b-5p	ACAUUCA	Sept2_93509088|unedited	GAAUGU	483	6mer	0.0190066496678	0.0
25	34	mmu-miR-181b-5p	ACAUUCA	Sept2_93509088|edited	GAAUGU	483	6mer	0.0190066496678	0.0
64	35	mmu-miR-340-5p	UAUAAAG	Sept2_93509088|unedited	UUUAUA	1336	6mer	0.10442131565	0.0
65	35	mmu-miR-340-5p	UAUAAAG	Sept2_93509088|edited	UUUAUA	1336	6mer	0.10442131565	0.0
84	36	mmu-miR-125b-5p	CCCUGAG	Sept2_93509088|unedited	UCAGGG	739	6mer	-0.0376554397689	-0.0
85	36	mmu-miR-125b-5p	CCCUGAG	Sept2_93509088|edited	UCAGGG	739	6mer	-0.0376554397689	-0.0
0	37	mmu-miR-17-5p	AAAGUGC	Sept2_93509088|unedited	GCACUUUA	990	8mer	-0.12029131219	-0.119852970648
1	37	mmu-miR-17-5p	AAAGUGC	Sept2_93509088|edited	GCACUUUA	990	8mer	-0.12029131219	-0.119852970648
32	38	mmu-miR-9-5p	CUUUGGU	Gm26527_93942286|unedited	ACCAAAG	125	7mer-m8	-0.0948682246396	-0.0
33	38	mmu-miR-9-5p	CUUUGGU	Gm26527_93942286|edited	ACCAAAG	125	7mer-m8	-0.0948682246396	-0.0
46	39	mmu-miR-124-3p	AAGGCAC	Gm26527_93942286|unedited	UGCCUU	755	6mer	0.000499742994845	0.0
47	39	mmu-miR-124-3p	AAGGCAC	Gm26527_93942286|edited	UGCCUU	755	6mer	0.000499742994845	0.0
35	40	mmu-miR-9-5p	CUUUGGU	Gm26527_93942286|unedited	CCAAAGA	1816	7mer-1a	-0.0363357823861	-0.0
34	40	mmu-miR-9-5p	CUUUGGU	Gm26527_93942286|edited	CCAAAGA	1816	7mer-1a	-0.0363357823861	-0.0
96	41	mmu-miR-26a-5p	UCAAGUA	Gm26527_93942286|unedited	ACUUGA	263	6mer	-0.0100404350845	-0.0
97	41	mmu-miR-26a-5p	UCAAGUA	Gm26527_93942286|edited	ACUUGA	263	6mer	-0.0100404350845	-0.0
48	42	mmu-miR-136-5p	CUCCAUU	Gm26527_93942286|unedited	AUGGAGA	619	7mer-1a	-0.0197004574626	-0.0
49	42	mmu-miR-136-5p	CUCCAUU	Gm26527_93942286|edited	AUGGAGA	619	7mer-1a	-0.0197004574626	-0.0
70	43	mmu-miR-449a-5p	GGCAGUG	Gm26527_93942286|unedited	CACUGCC	1119	7mer-m8	-0.0873995240923	-0.0
71	43	mmu-miR-449a-5p	GGCAGUG	Gm26527_93942286|edited	CACUGCC	1119	7mer-m8	-0.0873995240923	-0.0
15	44	mmu-miR-374b-5p	UAUAAUA	Gm26527_93942286|unedited	UAUUAUAA	1721	8mer	0.0277271907296	0.0
14	44	mmu-miR-374b-5p	UAUAAUA	Gm26527_93942286|edited	UAUUAUAA	1721	8mer	0.0277271907296	0.0
26	45	mmu-miR-181b-5p	ACAUUCA	Gm26527_93942286|unedited	GAAUGU	1060	6mer	0.0580855081092	0.0
27	45	mmu-miR-181b-5p	ACAUUCA	Gm26527_93942286|edited	GAAUGU	1060	6mer	0.0580855081092	0.0
19	46	mmu-miR-374b-5p	UAUAAUA	Gm26527_93942286|unedited	AUUAUA	2090	6mer	0.020147905215	0.0
18	46	mmu-miR-374b-5p	UAUAAUA	Gm26527_93942286|edited	AUUAUA	2090	6mer	0.020147905215	0.0
13	47	mmu-miR-17-5p	AAAGUGC	Gm26527_93942286|unedited	CACUUU	1805	6mer	0.00724887041163	0.00722245552785
12	47	mmu-miR-17-5p	AAAGUGC	Gm26527_93942286|edited	CACUUU	1805	6mer	0.00724887041163	0.00722245552785
80	48	mmu-miR-181a-5p	ACAUUCA	Gm26527_93942286|unedited	GAAUGU	1060	6mer	0.0580855081092	0.0240703150902
81	48	mmu-miR-181a-5p	ACAUUCA	Gm26527_93942286|edited	GAAUGU	1060	6mer	0.0580855081092	0.0240703150902
91	49	mmu-miR-344-3p	GAUCUAG	Sf3b2_5274427|unedited	CUAGAUC	70	7mer-m8	-0.162429791299	-0.0
90	49	mmu-miR-344-3p	GAUCUAG	Sf3b2_5274427|edited	CUAGAUC	70	7mer-m8	-0.162429791299	-0.0
43	50	mmu-miR-124-3p	AAGGCAC	Sf3b2_5274427|unedited	UGCCUU	21	6mer	-0.0431819630734	-0.0
42	50	mmu-miR-124-3p	AAGGCAC	Sf3b2_5274427|edited	UGCCUU	21	6mer	-0.0431819630734	-0.0
