Target_ID	Target_Group	MicroRNA	MicroRNA_Seq	UTR	UTR_Seq	UTR_Aligned_Index	Mer_Type	Binary_Score	Empirical_Score
64	1	mmu-let-7i-5p	GAGGUAG	Selenot_58498244|unedited	UACCUC	133	6mer	-0.0542910092505	-0.0481573829469
65	1	mmu-let-7i-5p	GAGGUAG	Selenot_58498244|edited	UACCUC	133	6mer	-0.0535526176644	-0.047502412504
50	2	mmu-let-7c-5p	GAGGUAG	Selenot_58498244|unedited	UACCUC	133	6mer	-0.0508624378219	-0.0
51	2	mmu-let-7c-5p	GAGGUAG	Selenot_58498244|edited	UACCUC	133	6mer	-0.0501240462358	-0.0
18	16	mmu-let-7b-5p	GAGGUAG	Selenot_58498244|unedited	UACCUC	133	6mer	-0.0508624378219	-0.0755221328906
19	16	mmu-let-7b-5p	GAGGUAG	Selenot_58498244|edited	UACCUC	133	6mer	-0.0501240462358	-0.0744257460504
25	17	mmu-miR-9-5p	CUUUGGU	Phc2_128645968|unedited	CCAAAG	275	6mer	-0.0115657860483	-0.00201114754911
26	17	mmu-miR-9-5p	CUUUGGU	Phc2_128645968|edited	CCAAAG	275	6mer	-0.0115657860483	-0.00201114754911
15	18	mmu-let-7b-5p	GAGGUAG	Phc2_128645968|unedited	UACCUC	170	6mer	-0.0332574649997	-0.0493817205559
16	18	mmu-let-7b-5p	GAGGUAG	Phc2_128645968|edited	UACCUC	170	6mer	-0.0332574649997	-0.0493817205559
43	19	mmu-let-7c-5p	GAGGUAG	Phc2_128645968|unedited	UACCUC	1871	6mer	-0.0387901441803	-0.0
42	19	mmu-let-7c-5p	GAGGUAG	Phc2_128645968|edited	UACCUC	1871	6mer	-0.0387901441803	-0.0
46	20	mmu-let-7c-5p	GAGGUAG	Phc2_128645968|unedited	UACCUC	899	6mer	0.0125180861025	0.0
49	20	mmu-let-7c-5p	GAGGUAG	Phc2_128645968|edited	UACCUC	899	6mer	0.0125180861025	0.0
12	21	mmu-let-7b-5p	GAGGUAG	Phc2_128645968|unedited	UACCUC	1142	6mer	-0.0387901441803	-0.0575968150384
13	21	mmu-let-7b-5p	GAGGUAG	Phc2_128645968|edited	UACCUC	1142	6mer	-0.0387901441803	-0.0575968150384
58	22	mmu-let-7i-5p	GAGGUAG	Phc2_128645968|unedited	UACCUC	1142	6mer	-0.0353615727517	-0.0313665342406
59	22	mmu-let-7i-5p	GAGGUAG	Phc2_128645968|edited	UACCUC	1142	6mer	-0.0353615727517	-0.0313665342406
57	23	mmu-let-7i-5p	GAGGUAG	Phc2_128645968|unedited	UACCUC	1871	6mer	-0.0353615727517	-0.0313665342406
56	23	mmu-let-7i-5p	GAGGUAG	Phc2_128645968|edited	UACCUC	1871	6mer	-0.0353615727517	-0.0313665342406
44	24	mmu-let-7c-5p	GAGGUAG	Phc2_128645968|unedited	UACCUC	1142	6mer	-0.0387901441803	-0.0
45	24	mmu-let-7c-5p	GAGGUAG	Phc2_128645968|edited	UACCUC	1142	6mer	-0.0387901441803	-0.0
11	25	mmu-let-7b-5p	GAGGUAG	Phc2_128645968|unedited	UACCUC	1871	6mer	-0.0387901441803	-0.0575968150384
10	25	mmu-let-7b-5p	GAGGUAG	Phc2_128645968|edited	UACCUC	1871	6mer	-0.0387901441803	-0.0575968150384
61	26	mmu-let-7i-5p	GAGGUAG	Phc2_128645968|unedited	UACCUC	170	6mer	-0.0332574649997	-0.0295001419194
62	26	mmu-let-7i-5p	GAGGUAG	Phc2_128645968|edited	UACCUC	170	6mer	-0.0332574649997	-0.0295001419194
20	27	mmu-miR-9-5p	CUUUGGU	Phc2_128645968|unedited	CCAAAGA	68	7mer-1a	-0.0587478327309	-0.0102155235553
21	27	mmu-miR-9-5p	CUUUGGU	Phc2_128645968|edited	CCAAAGA	68	7mer-1a	-0.0587478327309	-0.0102155235553
60	28	mmu-let-7i-5p	GAGGUAG	Phc2_128645968|unedited	UACCUC	899	6mer	0.0125180861025	0.0111038323752
63	28	mmu-let-7i-5p	GAGGUAG	Phc2_128645968|edited	UACCUC	899	6mer	0.0125180861025	0.0111038323752
24	29	mmu-miR-9-5p	CUUUGGU	Phc2_128645968|unedited	CCAAAG	1004	6mer	0.0305678144861	0.00531536593609
27	29	mmu-miR-9-5p	CUUUGGU	Phc2_128645968|edited	CCAAAG	1004	6mer	0.0305678144861	0.00531536593609
47	30	mmu-let-7c-5p	GAGGUAG	Phc2_128645968|unedited	UACCUC	170	6mer	-0.0332574649997	-0.0
48	30	mmu-let-7c-5p	GAGGUAG	Phc2_128645968|edited	UACCUC	170	6mer	-0.0332574649997	-0.0
14	31	mmu-let-7b-5p	GAGGUAG	Phc2_128645968|unedited	UACCUC	899	6mer	0.0125180861025	0.018587244392
17	31	mmu-let-7b-5p	GAGGUAG	Phc2_128645968|edited	UACCUC	899	6mer	0.0125180861025	0.018587244392
