Target_ID	Target_Group	MicroRNA	MicroRNA_Seq	UTR	UTR_Seq	UTR_Aligned_Index	Mer_Type	Binary_Score	Empirical_Score
64	1	mmu-let-7i-5p	GAGGUAG	Selenot_58498244|unedited	UACCUC	133	6mer	-0.0542910092505	-0.0481573829469
65	1	mmu-let-7i-5p	GAGGUAG	Selenot_58498244|edited	UACCUC	133	6mer	-0.0535526176644	-0.047502412504
50	2	mmu-let-7c-5p	GAGGUAG	Selenot_58498244|unedited	UACCUC	133	6mer	-0.0508624378219	-0.0
51	2	mmu-let-7c-5p	GAGGUAG	Selenot_58498244|edited	UACCUC	133	6mer	-0.0501240462358	-0.0
82	3	mmu-miR-26a-5p	UCAAGUA	Selenot_58498244|unedited	ACUUGA	1287	6mer	0.0456481167278	0.00981647534193
83	3	mmu-miR-26a-5p	UCAAGUA	Selenot_58498244|edited	ACUUGA	1287	6mer	0.0456481167278	0.00981647534193
40	4	mmu-let-7c-5p	GAGGUAG	Selenot_58498244|unedited	UACCUCA	2131	7mer-1a	-0.103190738051	-0.0
41	4	mmu-let-7c-5p	GAGGUAG	Selenot_58498244|edited	UACCUCA	2131	7mer-1a	-0.103190738051	-0.0
0	5	mmu-miR-340-5p	UAUAAAG	Selenot_58498244|unedited	CUUUAUA	741	7mer-m8	0.0889488378914	0.0
1	5	mmu-miR-340-5p	UAUAAAG	Selenot_58498244|edited	CUUUAUA	741	7mer-m8	0.0889488378914	0.0
4	6	mmu-miR-340-5p	UAUAAAG	Selenot_58498244|unedited	UUUAUA	362	6mer	0.0266166959933	0.0
5	6	mmu-miR-340-5p	UAUAAAG	Selenot_58498244|edited	UUUAUA	362	6mer	0.0266166959933	0.0
28	7	mmu-miR-124-3p	AAGGCAC	Selenot_58498244|unedited	UGCCUUA	1757	7mer-1a	-0.0668487918302	-0.0100356080247
29	7	mmu-miR-124-3p	AAGGCAC	Selenot_58498244|edited	UGCCUUA	1757	7mer-1a	-0.0668487918302	-0.0100356080247
54	8	mmu-let-7i-5p	GAGGUAG	Selenot_58498244|unedited	UACCUCA	2131	7mer-1a	-0.0997621666222	-0.0884913529508
55	8	mmu-let-7i-5p	GAGGUAG	Selenot_58498244|edited	UACCUCA	2131	7mer-1a	-0.0997621666222	-0.0884913529508
70	9	mmu-miR-101a-3p	ACAGUAC	Selenot_58498244|unedited	UACUGU	1392	6mer	0.0263405231225	0.0192589612827
71	9	mmu-miR-101a-3p	ACAGUAC	Selenot_58498244|edited	UACUGU	1392	6mer	0.0263405231225	0.0192589612827
76	10	mmu-miR-344-3p	GAUCUAG	Selenot_58498244|unedited	CUAGAUC	1536	7mer-m8	-0.154323829098	-0.0
77	10	mmu-miR-344-3p	GAUCUAG	Selenot_58498244|edited	CUAGAUC	1536	7mer-m8	-0.154323829098	-0.0
8	11	mmu-let-7b-5p	GAGGUAG	Selenot_58498244|unedited	UACCUCA	2131	7mer-1a	-0.103190738051	-0.153220823969
9	11	mmu-let-7b-5p	GAGGUAG	Selenot_58498244|edited	UACCUCA	2131	7mer-1a	-0.103190738051	-0.153220823969
78	12	mmu-miR-26a-5p	UCAAGUA	Selenot_58498244|unedited	UACUUGA	1703	7mer-m8	0.00166824229133	0.000358749943943
79	12	mmu-miR-26a-5p	UCAAGUA	Selenot_58498244|edited	UACUUGA	1703	7mer-m8	0.00166824229133	0.000358749943943
80	13	mmu-miR-26a-5p	UCAAGUA	Selenot_58498244|unedited	ACUUGA	321	6mer	-0.0207349407869	-0.00445897989976
81	13	mmu-miR-26a-5p	UCAAGUA	Selenot_58498244|edited	ACUUGA	321	6mer	-0.0207349407869	-0.00445897989976
72	14	mmu-miR-101a-3p	ACAGUAC	Selenot_58498244|unedited	UACUGU	915	6mer	0.00611725619807	0.00447265226007
73	14	mmu-miR-101a-3p	ACAGUAC	Selenot_58498244|edited	UACUGU	915	6mer	0.00611725619807	0.00447265226007
2	15	mmu-miR-340-5p	UAUAAAG	Selenot_58498244|unedited	UUUAUAA	1933	7mer-1a	0.0669104783013	0.0
3	15	mmu-miR-340-5p	UAUAAAG	Selenot_58498244|edited	UUUAUAA	1933	7mer-1a	0.0669104783013	0.0
18	16	mmu-let-7b-5p	GAGGUAG	Selenot_58498244|unedited	UACCUC	133	6mer	-0.0508624378219	-0.0755221328906
19	16	mmu-let-7b-5p	GAGGUAG	Selenot_58498244|edited	UACCUC	133	6mer	-0.0501240462358	-0.0744257460504
25	17	mmu-miR-9-5p	CUUUGGU	Phc2_128645968|unedited	CCAAAG	275	6mer	-0.0115657860483	-0.00201114754911
26	17	mmu-miR-9-5p	CUUUGGU	Phc2_128645968|edited	CCAAAG	275	6mer	-0.0115657860483	-0.00201114754911
15	18	mmu-let-7b-5p	GAGGUAG	Phc2_128645968|unedited	UACCUC	170	6mer	-0.0332574649997	-0.0493817205559
16	18	mmu-let-7b-5p	GAGGUAG	Phc2_128645968|edited	UACCUC	170	6mer	-0.0332574649997	-0.0493817205559
43	19	mmu-let-7c-5p	GAGGUAG	Phc2_128645968|unedited	UACCUC	1871	6mer	-0.0387901441803	-0.0
42	19	mmu-let-7c-5p	GAGGUAG	Phc2_128645968|edited	UACCUC	1871	6mer	-0.0387901441803	-0.0
46	20	mmu-let-7c-5p	GAGGUAG	Phc2_128645968|unedited	UACCUC	899	6mer	0.0125180861025	0.0
49	20	mmu-let-7c-5p	GAGGUAG	Phc2_128645968|edited	UACCUC	899	6mer	0.0125180861025	0.0
12	21	mmu-let-7b-5p	GAGGUAG	Phc2_128645968|unedited	UACCUC	1142	6mer	-0.0387901441803	-0.0575968150384
13	21	mmu-let-7b-5p	GAGGUAG	Phc2_128645968|edited	UACCUC	1142	6mer	-0.0387901441803	-0.0575968150384
58	22	mmu-let-7i-5p	GAGGUAG	Phc2_128645968|unedited	UACCUC	1142	6mer	-0.0353615727517	-0.0313665342406
59	22	mmu-let-7i-5p	GAGGUAG	Phc2_128645968|edited	UACCUC	1142	6mer	-0.0353615727517	-0.0313665342406
57	23	mmu-let-7i-5p	GAGGUAG	Phc2_128645968|unedited	UACCUC	1871	6mer	-0.0353615727517	-0.0313665342406
56	23	mmu-let-7i-5p	GAGGUAG	Phc2_128645968|edited	UACCUC	1871	6mer	-0.0353615727517	-0.0313665342406
44	24	mmu-let-7c-5p	GAGGUAG	Phc2_128645968|unedited	UACCUC	1142	6mer	-0.0387901441803	-0.0
45	24	mmu-let-7c-5p	GAGGUAG	Phc2_128645968|edited	UACCUC	1142	6mer	-0.0387901441803	-0.0
11	25	mmu-let-7b-5p	GAGGUAG	Phc2_128645968|unedited	UACCUC	1871	6mer	-0.0387901441803	-0.0575968150384
10	25	mmu-let-7b-5p	GAGGUAG	Phc2_128645968|edited	UACCUC	1871	6mer	-0.0387901441803	-0.0575968150384
61	26	mmu-let-7i-5p	GAGGUAG	Phc2_128645968|unedited	UACCUC	170	6mer	-0.0332574649997	-0.0295001419194
62	26	mmu-let-7i-5p	GAGGUAG	Phc2_128645968|edited	UACCUC	170	6mer	-0.0332574649997	-0.0295001419194
20	27	mmu-miR-9-5p	CUUUGGU	Phc2_128645968|unedited	CCAAAGA	68	7mer-1a	-0.0587478327309	-0.0102155235553
21	27	mmu-miR-9-5p	CUUUGGU	Phc2_128645968|edited	CCAAAGA	68	7mer-1a	-0.0587478327309	-0.0102155235553
60	28	mmu-let-7i-5p	GAGGUAG	Phc2_128645968|unedited	UACCUC	899	6mer	0.0125180861025	0.0111038323752
63	28	mmu-let-7i-5p	GAGGUAG	Phc2_128645968|edited	UACCUC	899	6mer	0.0125180861025	0.0111038323752
24	29	mmu-miR-9-5p	CUUUGGU	Phc2_128645968|unedited	CCAAAG	1004	6mer	0.0305678144861	0.00531536593609
27	29	mmu-miR-9-5p	CUUUGGU	Phc2_128645968|edited	CCAAAG	1004	6mer	0.0305678144861	0.00531536593609
47	30	mmu-let-7c-5p	GAGGUAG	Phc2_128645968|unedited	UACCUC	170	6mer	-0.0332574649997	-0.0
48	30	mmu-let-7c-5p	GAGGUAG	Phc2_128645968|edited	UACCUC	170	6mer	-0.0332574649997	-0.0
14	31	mmu-let-7b-5p	GAGGUAG	Phc2_128645968|unedited	UACCUC	899	6mer	0.0125180861025	0.018587244392
17	31	mmu-let-7b-5p	GAGGUAG	Phc2_128645968|edited	UACCUC	899	6mer	0.0125180861025	0.018587244392
35	32	mmu-miR-153-3p	UGCAUAG	AC013548.1_142207010|unedited	UAUGCA	839	6mer	0.017735592498	0.0
34	32	mmu-miR-153-3p	UGCAUAG	AC013548.1_142207010|edited	UAUGCA	839	6mer	0.017735592498	0.0
23	33	mmu-miR-9-5p	CUUUGGU	AC013548.1_142207010|unedited	CCAAAG	2982	6mer	-0.0387540091934	-0.00673884423263
22	33	mmu-miR-9-5p	CUUUGGU	AC013548.1_142207010|edited	CCAAAG	2982	6mer	-0.0387540091934	-0.00673884423263
37	34	mmu-miR-153-3p	UGCAUAG	AC013548.1_142207010|unedited	UAUGCA	883	6mer	0.0233933600149	0.0
36	34	mmu-miR-153-3p	UGCAUAG	AC013548.1_142207010|edited	UAUGCA	883	6mer	0.0233933600149	0.0
31	35	mmu-miR-124-3p	AAGGCAC	AC013548.1_142207010|unedited	UGCCUU	2073	6mer	0.0247744913595	0.00371924574085
30	35	mmu-miR-124-3p	AAGGCAC	AC013548.1_142207010|edited	UGCCUU	2073	6mer	0.0247744913595	0.00371924574085
67	36	mmu-miR-708-5p	AGGAGCU	AC013548.1_142207010|unedited	GCUCCU	1264	6mer	0.0158644875969	0.0
66	36	mmu-miR-708-5p	AGGAGCU	AC013548.1_142207010|edited	GCUCCU	1264	6mer	0.0158644875969	0.0
7	37	mmu-let-7b-5p	GAGGUAG	AC013548.1_142207010|unedited	UACCUCA	2358	7mer-1a	-0.00213588320175	-0.00317142594631
6	37	mmu-let-7b-5p	GAGGUAG	AC013548.1_142207010|edited	UACCUCA	2358	7mer-1a	-0.00213588320175	-0.00317142594631
53	38	mmu-let-7i-5p	GAGGUAG	AC013548.1_142207010|unedited	UACCUCA	2358	7mer-1a	-0.00899302605889	-0.00797702245267
52	38	mmu-let-7i-5p	GAGGUAG	AC013548.1_142207010|edited	UACCUCA	2358	7mer-1a	-0.00899302605889	-0.00797702245267
39	39	mmu-let-7c-5p	GAGGUAG	AC013548.1_142207010|unedited	UACCUCA	2358	7mer-1a	-0.00213588320175	-0.0
38	39	mmu-let-7c-5p	GAGGUAG	AC013548.1_142207010|edited	UACCUCA	2358	7mer-1a	-0.00213588320175	-0.0
69	40	mmu-miR-101a-3p	ACAGUAC	AC013548.1_142207010|unedited	UACUGU	2814	6mer	-0.00584998040792	-0.00427723267519
68	40	mmu-miR-101a-3p	ACAGUAC	AC013548.1_142207010|edited	UACUGU	2814	6mer	-0.00584998040792	-0.00427723267519
75	41	mmu-miR-344-3p	GAUCUAG	Sf3b2_5324455|unedited	CUAGAUC	70	7mer-m8	-0.162429791299	-0.0
74	41	mmu-miR-344-3p	GAUCUAG	Sf3b2_5324455|edited	CUAGAUC	70	7mer-m8	-0.162429791299	-0.0
33	42	mmu-miR-124-3p	AAGGCAC	Sf3b2_5324455|unedited	UGCCUU	21	6mer	-0.0431819630734	-0.00648264902443
32	42	mmu-miR-124-3p	AAGGCAC	Sf3b2_5324455|edited	UGCCUU	21	6mer	-0.0431819630734	-0.00648264902443
