Sample,Infection,Expression
GSM2892392,Control,205.868
GSM2892393,Control,237.172
GSM2892394,Control,255.832
GSM2892395,Control,247.204
GSM2892396,Control,238.292
GSM2892397,Control,193.176
GSM2892398,Control,336.75
GSM2892399,Control,188.721
GSM2892492,Control,521.18
GSM2892493,Control,437.376
GSM2892336,Asymptomatic,384.206
GSM2892337,Asymptomatic,500.815
GSM2892338,Asymptomatic,534.824
GSM2892339,Asymptomatic,424.274
GSM2892340,Asymptomatic,530.255
GSM2892341,Asymptomatic,789.825
GSM2892342,Asymptomatic,372.23
GSM2892343,Asymptomatic,320.824
GSM2892344,Asymptomatic,388.113
GSM2892345,Asymptomatic,440.128
GSM2892346,Asymptomatic,508.185
GSM2892347,Asymptomatic,661.216
GSM2892348,Asymptomatic,366.104
GSM2892349,Asymptomatic,622.388
GSM2892350,Asymptomatic,559.702
GSM2892351,Asymptomatic,452.121
GSM2892352,Asymptomatic,325.531
GSM2892353,Asymptomatic,546.692
GSM2892354,Asymptomatic,722.365
GSM2892355,Asymptomatic,438.862
GSM2892356,Asymptomatic,369.058
GSM2892357,Asymptomatic,444.861
GSM2892358,Asymptomatic,400.007
GSM2892359,Asymptomatic,503.652
GSM2892360,Asymptomatic,337.701
GSM2892361,Asymptomatic,442.872
GSM2892362,Asymptomatic,575.144
GSM2892363,Asymptomatic,633.738
GSM2892364,Asymptomatic,328.371
GSM2892365,Asymptomatic,412.063
GSM2892366,Asymptomatic,394.168
GSM2892367,Asymptomatic,393.681
GSM2892368,Asymptomatic,441.418
GSM2892369,Asymptomatic,398.087
GSM2892370,Asymptomatic,628.119
GSM2892371,Asymptomatic,421.522
GSM2892372,Asymptomatic,450.416
GSM2892373,Asymptomatic,410.763
GSM2892374,Asymptomatic,359.472
GSM2892375,Asymptomatic,271.975
GSM2892376,Asymptomatic,553.781
GSM2892377,Asymptomatic,389.642
GSM2892378,Asymptomatic,391.546
GSM2892379,Asymptomatic,389.911
GSM2892380,Asymptomatic,714.454
GSM2892381,Asymptomatic,539.745
GSM2892382,Asymptomatic,446.656
GSM2892383,Asymptomatic,624.501
GSM2892384,Asymptomatic,388.561
GSM2892385,Asymptomatic,728.401
GSM2892386,Asymptomatic,504.357
GSM2892387,Asymptomatic,515.79
GSM2892388,Asymptomatic,450.256
GSM2892389,Asymptomatic,540.379
GSM2892390,Asymptomatic,744.043
GSM2892391,Asymptomatic,462.322
GSM2892400,Symptomatic,428.136
GSM2892401,Symptomatic,238.852
GSM2892402,Symptomatic,471.376
GSM2892403,Symptomatic,428.686
GSM2892404,Symptomatic,360.037
GSM2892405,Symptomatic,576.944
GSM2892406,Symptomatic,528.014
GSM2892407,Symptomatic,537.524
GSM2892408,Symptomatic,302.012
GSM2892409,Symptomatic,243.105
GSM2892410,Symptomatic,444.188
GSM2892411,Symptomatic,747.406
GSM2892412,Symptomatic,446.334
GSM2892413,Symptomatic,298.098
GSM2892414,Symptomatic,431.228
GSM2892415,Symptomatic,537.955
GSM2892416,Symptomatic,766.553
GSM2892417,Symptomatic,378.741
GSM2892418,Symptomatic,494.591
GSM2892419,Symptomatic,505.021
GSM2892420,Symptomatic,703.394
GSM2892421,Symptomatic,214.67
GSM2892422,Symptomatic,397.442
GSM2892423,Symptomatic,462.003
GSM2892424,Symptomatic,530.74
GSM2892425,Symptomatic,555.245
GSM2892426,Symptomatic,751.059
GSM2892427,Symptomatic,591.406
GSM2892428,Symptomatic,674.894
GSM2892429,Symptomatic,436.163
GSM2892430,Symptomatic,742.136
GSM2892431,Symptomatic,405.889
GSM2892432,Symptomatic,402.666
GSM2892433,Symptomatic,423.286
GSM2892434,Symptomatic,403.979
GSM2892435,Symptomatic,535.041
GSM2892436,Symptomatic,425.762
GSM2892437,Symptomatic,315.468
GSM2892438,Symptomatic,276.365
GSM2892439,Symptomatic,293.52
GSM2892440,Symptomatic,365.432
GSM2892441,Symptomatic,573.134
GSM2892442,Symptomatic,488.772
GSM2892443,Symptomatic,467.678
GSM2892444,Symptomatic,378.231
GSM2892445,Symptomatic,500.015
GSM2892446,Symptomatic,288.749
GSM2892447,Symptomatic,389.362
GSM2892448,Symptomatic,602.741
GSM2892449,Symptomatic,637.883
GSM2892450,Symptomatic,386.547
GSM2892451,Symptomatic,457.422
GSM2892452,Symptomatic,472.722
GSM2892453,Symptomatic,359.896
GSM2892454,Symptomatic,447.303
GSM2892455,Symptomatic,625.803
GSM2892456,Symptomatic,492.372
GSM2892457,Symptomatic,520.763
GSM2892458,Symptomatic,301.426
GSM2892459,Symptomatic,512.185
GSM2892460,Symptomatic,472.331
GSM2892461,Symptomatic,428.718
GSM2892462,Symptomatic,708.392
GSM2892463,Symptomatic,418.064
GSM2892464,Symptomatic,361.866
GSM2892465,Symptomatic,437.573
GSM2892466,Symptomatic,316.489
GSM2892467,Symptomatic,288.188
GSM2892468,Symptomatic,422.825
GSM2892469,Symptomatic,231.443
GSM2892470,Symptomatic,659.53
GSM2892471,Symptomatic,685.448
GSM2892472,Symptomatic,556.148
GSM2892473,Symptomatic,510.548
GSM2892474,Symptomatic,563.28
GSM2892475,Symptomatic,461.106
GSM2892476,Symptomatic,367.415
GSM2892477,Symptomatic,498.868
GSM2892478,Symptomatic,455.374
GSM2892479,Symptomatic,554.51
GSM2892480,Symptomatic,373.543
GSM2892481,Symptomatic,560.849
GSM2892482,Symptomatic,630.556
GSM2892483,Symptomatic,332.368
GSM2892484,Symptomatic,389.979
GSM2892485,Symptomatic,614.155
GSM2892486,Symptomatic,399.313
GSM2892487,Symptomatic,361.44
GSM2892488,Symptomatic,349.333
GSM2892489,Symptomatic,526.91
GSM2892490,Symptomatic,428.642
GSM2892491,Symptomatic,260.321
