Sample,Infection,Expression
GSM2892392,Control,2333.52
GSM2892393,Control,2733.4
GSM2892394,Control,2251.3
GSM2892395,Control,2492.72
GSM2892396,Control,2040.69
GSM2892397,Control,1816.12
GSM2892398,Control,1064.71
GSM2892399,Control,555.792
GSM2892492,Control,2245.4
GSM2892493,Control,2074.17
GSM2892336,Asymptomatic,3264.49
GSM2892337,Asymptomatic,4005.65
GSM2892338,Asymptomatic,3244.48
GSM2892339,Asymptomatic,2797.75
GSM2892340,Asymptomatic,2655.49
GSM2892341,Asymptomatic,2672.96
GSM2892342,Asymptomatic,2909.48
GSM2892343,Asymptomatic,2060.84
GSM2892344,Asymptomatic,2642.71
GSM2892345,Asymptomatic,2933.97
GSM2892346,Asymptomatic,2985.12
GSM2892347,Asymptomatic,2446.2
GSM2892348,Asymptomatic,2339.27
GSM2892349,Asymptomatic,2557.11
GSM2892350,Asymptomatic,3648.93
GSM2892351,Asymptomatic,2902.69
GSM2892352,Asymptomatic,2520.74
GSM2892353,Asymptomatic,2323.9
GSM2892354,Asymptomatic,2770.72
GSM2892355,Asymptomatic,3239.94
GSM2892356,Asymptomatic,3074.53
GSM2892357,Asymptomatic,2333.8
GSM2892358,Asymptomatic,1521.26
GSM2892359,Asymptomatic,2426.45
GSM2892360,Asymptomatic,2178.78
GSM2892361,Asymptomatic,2685.3
GSM2892362,Asymptomatic,2285.3
GSM2892363,Asymptomatic,3572.88
GSM2892364,Asymptomatic,2918.41
GSM2892365,Asymptomatic,4950.17
GSM2892366,Asymptomatic,2332.4
GSM2892367,Asymptomatic,4533.39
GSM2892368,Asymptomatic,2812.77
GSM2892369,Asymptomatic,2607.11
GSM2892370,Asymptomatic,1594.23
GSM2892371,Asymptomatic,2639.6
GSM2892372,Asymptomatic,3851.57
GSM2892373,Asymptomatic,2947.33
GSM2892374,Asymptomatic,2212.8
GSM2892375,Asymptomatic,3016.88
GSM2892376,Asymptomatic,2520.38
GSM2892377,Asymptomatic,2311.08
GSM2892378,Asymptomatic,2559.5
GSM2892379,Asymptomatic,2845.9
GSM2892380,Asymptomatic,3219.8
GSM2892381,Asymptomatic,2592.45
GSM2892382,Asymptomatic,3240.63
GSM2892383,Asymptomatic,2517.02
GSM2892384,Asymptomatic,2715.47
GSM2892385,Asymptomatic,3824.72
GSM2892386,Asymptomatic,2698.71
GSM2892387,Asymptomatic,2781.76
GSM2892388,Asymptomatic,2720.78
GSM2892389,Asymptomatic,2350.31
GSM2892390,Asymptomatic,2326.52
GSM2892391,Asymptomatic,2089.73
GSM2892400,Symptomatic,2786.6
GSM2892401,Symptomatic,1879.12
GSM2892402,Symptomatic,3476.27
GSM2892403,Symptomatic,2836.81
GSM2892404,Symptomatic,2875.74
GSM2892405,Symptomatic,3883.48
GSM2892406,Symptomatic,2498.25
GSM2892407,Symptomatic,2944.92
GSM2892408,Symptomatic,2845.39
GSM2892409,Symptomatic,2120.92
GSM2892410,Symptomatic,2749.09
GSM2892411,Symptomatic,3845.91
GSM2892412,Symptomatic,2507.23
GSM2892413,Symptomatic,5458.61
GSM2892414,Symptomatic,2517.75
GSM2892415,Symptomatic,2688.94
GSM2892416,Symptomatic,3503.55
GSM2892417,Symptomatic,2302.78
GSM2892418,Symptomatic,3379.34
GSM2892419,Symptomatic,2399.26
GSM2892420,Symptomatic,2688.54
GSM2892421,Symptomatic,2890.79
GSM2892422,Symptomatic,3199.52
GSM2892423,Symptomatic,3027.44
GSM2892424,Symptomatic,3984.1
GSM2892425,Symptomatic,3531.81
GSM2892426,Symptomatic,2517.88
GSM2892427,Symptomatic,2387.04
GSM2892428,Symptomatic,3563.21
GSM2892429,Symptomatic,3331.22
GSM2892430,Symptomatic,3342.17
GSM2892431,Symptomatic,3364.49
GSM2892432,Symptomatic,3134.4
GSM2892433,Symptomatic,3969.08
GSM2892434,Symptomatic,3061.8
GSM2892435,Symptomatic,2377.42
GSM2892436,Symptomatic,3449.9
GSM2892437,Symptomatic,4117.47
GSM2892438,Symptomatic,2713.49
GSM2892439,Symptomatic,3342.17
GSM2892440,Symptomatic,3159.95
GSM2892441,Symptomatic,2729.48
GSM2892442,Symptomatic,2727.88
GSM2892443,Symptomatic,2235.38
GSM2892444,Symptomatic,2567.03
GSM2892445,Symptomatic,2915.7
GSM2892446,Symptomatic,3698.54
GSM2892447,Symptomatic,2058.19
GSM2892448,Symptomatic,2661.6
GSM2892449,Symptomatic,3573.84
GSM2892450,Symptomatic,2742.43
GSM2892451,Symptomatic,2614.7
GSM2892452,Symptomatic,2369.96
GSM2892453,Symptomatic,3917.38
GSM2892454,Symptomatic,4634.25
GSM2892455,Symptomatic,2121.91
GSM2892456,Symptomatic,2943.78
GSM2892457,Symptomatic,4281.7
GSM2892458,Symptomatic,3248.94
GSM2892459,Symptomatic,2538.67
GSM2892460,Symptomatic,2248.77
GSM2892461,Symptomatic,3431.42
GSM2892462,Symptomatic,2514.85
GSM2892463,Symptomatic,3434.23
GSM2892464,Symptomatic,2956.38
GSM2892465,Symptomatic,3005.91
GSM2892466,Symptomatic,3301.88
GSM2892467,Symptomatic,2728.64
GSM2892468,Symptomatic,2733.88
GSM2892469,Symptomatic,6738.05
GSM2892470,Symptomatic,2668.65
GSM2892471,Symptomatic,2789.91
GSM2892472,Symptomatic,3280.64
GSM2892473,Symptomatic,3970.53
GSM2892474,Symptomatic,2693.69
GSM2892475,Symptomatic,2680.8
GSM2892476,Symptomatic,3165.44
GSM2892477,Symptomatic,2715.41
GSM2892478,Symptomatic,3454.71
GSM2892479,Symptomatic,2606.61
GSM2892480,Symptomatic,2887.4
GSM2892481,Symptomatic,3191.28
GSM2892482,Symptomatic,2131.13
GSM2892483,Symptomatic,2958.49
GSM2892484,Symptomatic,3032.3
GSM2892485,Symptomatic,2314.13
GSM2892486,Symptomatic,3114.09
GSM2892487,Symptomatic,4259.42
GSM2892488,Symptomatic,3613.87
GSM2892489,Symptomatic,2790.44
GSM2892490,Symptomatic,3152.26
GSM2892491,Symptomatic,
