Target_ID	Target_Group	MicroRNA	MicroRNA_Seq	UTR	UTR_Seq	UTR_Aligned_Index	Mer_Type	Binary_Score	Empirical_Score
47	1	mmu-miR-124-3p	AAGGCAC	Sf3b2_5324455|unedited	UGCCUU	21	6mer	-0.0431819630734	-0.0
46	1	mmu-miR-124-3p	AAGGCAC	Sf3b2_5324455|edited	UGCCUU	21	6mer	-0.0431819630734	-0.0
27	2	mmu-miR-344-3p	GAUCUAG	Sf3b2_5324455|unedited	CUAGAUC	70	7mer-m8	-0.162429791299	-0.0
26	2	mmu-miR-344-3p	GAUCUAG	Sf3b2_5324455|edited	CUAGAUC	70	7mer-m8	-0.162429791299	-0.0
8	3	mmu-miR-374b-5p	UAUAAUA	Lamp2_37509193|unedited	AUUAUA	1809	6mer	0.019451651155	0.0
9	3	mmu-miR-374b-5p	UAUAAUA	Lamp2_37509193|edited	AUUAUA	1809	6mer	0.019451651155	0.0
44	4	mmu-miR-124-3p	AAGGCAC	Lamp2_37509193|unedited	UGCCUUA	928	7mer-1a	-0.0227612655343	-0.0
45	4	mmu-miR-124-3p	AAGGCAC	Lamp2_37509193|edited	UGCCUUA	928	7mer-1a	-0.0227612655343	-0.0
0	5	mmu-miR-17-5p	AAAGUGC	Lamp2_37509193|unedited	CACUUUA	1481	7mer-1a	0.0308624568409	0.0307499940482
1	5	mmu-miR-17-5p	AAAGUGC	Lamp2_37509193|edited	CACUUUA	1481	7mer-1a	0.0308624568409	0.0307499940482
22	6	mmu-miR-9-5p	CUUUGGU	Lamp2_37509193|unedited	CCAAAG	1839	6mer	-0.0221544979152	-0.0
23	6	mmu-miR-9-5p	CUUUGGU	Lamp2_37509193|edited	CCAAAG	1839	6mer	-0.0221544979152	-0.0
12	7	mmu-miR-181b-5p	ACAUUCA	Lamp2_37509193|unedited	GAAUGUA	1689	7mer-1a	-0.0370726722308	-0.0
13	7	mmu-miR-181b-5p	ACAUUCA	Lamp2_37509193|edited	GAAUGUA	1689	7mer-1a	-0.0370726722308	-0.0
24	8	mmu-miR-21a-5p	AGCUUAU	Lamp2_37509193|unedited	UAAGCU	1272	6mer	0.0129377337684	0.00401041930692
25	8	mmu-miR-21a-5p	AGCUUAU	Lamp2_37509193|edited	UAAGCU	1272	6mer	0.0129377337684	0.00401041930692
38	9	mmu-miR-181a-5p	ACAUUCA	Lamp2_37509193|unedited	GAAUGUA	1689	7mer-1a	-0.0370726722308	-0.0153627114728
39	9	mmu-miR-181a-5p	ACAUUCA	Lamp2_37509193|edited	GAAUGUA	1689	7mer-1a	-0.0370726722308	-0.0153627114728
36	10	mmu-let-7i-5p	GAGGUAG	Lamp2_37509193|unedited	UACCUC	1834	6mer	-0.0434527234266	-0.0584327818695
37	10	mmu-let-7i-5p	GAGGUAG	Lamp2_37509193|edited	UACCUC	1834	6mer	-0.0434527234266	-0.0584327818695
48	11	mmu-miR-124-3p	AAGGCAC	Lamp2_37509193|unedited	UGCCUU	1327	6mer	-0.00724720847145	-0.0
49	11	mmu-miR-124-3p	AAGGCAC	Lamp2_37509193|edited	UGCCUU	1327	6mer	-0.00724720847145	-0.0
42	12	mmu-miR-101a-3p	ACAGUAC	Lamp2_37509193|unedited	UACUGU	1040	6mer	0.0152975396223	0.0
43	12	mmu-miR-101a-3p	ACAGUAC	Lamp2_37509193|edited	UACUGU	1040	6mer	0.0152975396223	0.0
30	13	mmu-miR-340-5p	UAUAAAG	Lamp2_37509193|unedited	UUUAUA	1851	6mer	0.0468967996648	0.0
31	13	mmu-miR-340-5p	UAUAAAG	Lamp2_37509193|edited	UUUAUA	1851	6mer	0.0468967996648	0.0
34	14	mmu-let-7c-5p	GAGGUAG	Lamp2_37509193|unedited	UACCUC	1834	6mer	-0.0468812948552	-0.0
35	14	mmu-let-7c-5p	GAGGUAG	Lamp2_37509193|edited	UACCUC	1834	6mer	-0.0468812948552	-0.0
2	15	mmu-miR-17-5p	AAAGUGC	Lamp2_37509193|unedited	CACUUUA	2038	7mer-1a	-0.0247776501139	-0.0246873603569
3	15	mmu-miR-17-5p	AAAGUGC	Lamp2_37509193|edited	CACUUUA	2038	7mer-1a	-0.0247776501139	-0.0246873603569
16	16	mmu-let-7b-5p	GAGGUAG	Lamp2_37509193|unedited	UACCUC	1834	6mer	-0.0434527234266	-0.0
17	16	mmu-let-7b-5p	GAGGUAG	Lamp2_37509193|edited	UACCUC	1834	6mer	-0.0434527234266	-0.0
28	17	mmu-miR-136-5p	CUCCAUU	Gm26527_94078794|unedited	AUGGAGA	619	7mer-1a	-0.0197004574626	-0.0
29	17	mmu-miR-136-5p	CUCCAUU	Gm26527_94078794|edited	AUGGAGA	619	7mer-1a	-0.0197004574626	-0.0
18	18	mmu-miR-9-5p	CUUUGGU	Gm26527_94078794|unedited	ACCAAAG	125	7mer-m8	-0.0948682246396	-0.0
19	18	mmu-miR-9-5p	CUUUGGU	Gm26527_94078794|edited	ACCAAAG	125	7mer-m8	-0.0948682246396	-0.0
21	19	mmu-miR-9-5p	CUUUGGU	Gm26527_94078794|unedited	CCAAAGA	1816	7mer-1a	-0.0363357823861	-0.0
20	19	mmu-miR-9-5p	CUUUGGU	Gm26527_94078794|edited	CCAAAGA	1816	7mer-1a	-0.0363357823861	-0.0
32	20	mmu-miR-449a-5p	GGCAGUG	Gm26527_94078794|unedited	CACUGCC	1119	7mer-m8	-0.0873995240923	-0.0
33	20	mmu-miR-449a-5p	GGCAGUG	Gm26527_94078794|edited	CACUGCC	1119	7mer-m8	-0.0873995240923	-0.0
11	21	mmu-miR-374b-5p	UAUAAUA	Gm26527_94078794|unedited	AUUAUA	2090	6mer	0.020147905215	0.0
10	21	mmu-miR-374b-5p	UAUAAUA	Gm26527_94078794|edited	AUUAUA	2090	6mer	0.020147905215	0.0
50	22	mmu-miR-124-3p	AAGGCAC	Gm26527_94078794|unedited	UGCCUU	755	6mer	0.000499742994845	0.0
51	22	mmu-miR-124-3p	AAGGCAC	Gm26527_94078794|edited	UGCCUU	755	6mer	0.000499742994845	0.0
14	23	mmu-miR-181b-5p	ACAUUCA	Gm26527_94078794|unedited	GAAUGU	1060	6mer	0.0580855081092	0.0
15	23	mmu-miR-181b-5p	ACAUUCA	Gm26527_94078794|edited	GAAUGU	1060	6mer	0.0580855081092	0.0
5	24	mmu-miR-17-5p	AAAGUGC	Gm26527_94078794|unedited	CACUUU	1805	6mer	0.00724887041163	0.00722245552785
4	24	mmu-miR-17-5p	AAAGUGC	Gm26527_94078794|edited	CACUUU	1805	6mer	0.00724887041163	0.00722245552785
40	25	mmu-miR-181a-5p	ACAUUCA	Gm26527_94078794|unedited	GAAUGU	1060	6mer	0.0580855081092	0.0240703150902
41	25	mmu-miR-181a-5p	ACAUUCA	Gm26527_94078794|edited	GAAUGU	1060	6mer	0.0580855081092	0.0240703150902
52	26	mmu-miR-26a-5p	UCAAGUA	Gm26527_94078794|unedited	ACUUGA	263	6mer	-0.0100404350845	-0.0
53	26	mmu-miR-26a-5p	UCAAGUA	Gm26527_94078794|edited	ACUUGA	263	6mer	-0.0100404350845	-0.0
7	27	mmu-miR-374b-5p	UAUAAUA	Gm26527_94078794|unedited	UAUUAUAA	1721	8mer	0.0277271907296	0.0
6	27	mmu-miR-374b-5p	UAUAAUA	Gm26527_94078794|edited	UAUUAUAA	1721	8mer	0.0277271907296	0.0
